Squad,Age,Born,90s,SCA,SCA90,SCA_PassLive,SCA_PassDead,SCA_Drib,SCA_Sh,SCA_Fld,SCA_Def,GCA,GCA90,GCA_PassLive,GCA_PassDead,GCA_Drib,GCA_Sh,GCA_Fld,GCA_Def,Matches
1,Paxten Aaronson\4cd41883,us USA,MFFW,Philadelphia,17,2003,6.6,15,2.26,13,1,0,0,0,1,0,0.00,0,0,0,0,0,0,Matches
2,Saad Abdul-Salaam\4705543b,us USA,DF,Columbus Crew,29,1991,10.3,16,1.55,14,2,0,0,0,0,1,0.10,1,0,0,0,0,0,Matches
3,Luciano Abecasis\6c510f2d,ar ARG,DF,San Jose,30,1990,13.7,19,1.39,17,0,0,1,0,1,3,0.22,3,0,0,0,0,0,Matches
4,Ramón Ábila\db5ee72d,ar ARG,FW,Minnesota Utd,31,1989,3.0,17,5.71,12,0,1,4,0,0,1,0.34,0,0,0,1,0,0,Matches
5,Ramón Ábila\db5ee72d,ar ARG,FW,D.C. United,31,1989,2.5,8,3.20,2,0,4,1,1,0,1,0.40,0,0,1,0,0,0,Matches
6,Lalas Abubakar\4a67f05b,gh GHA,DF,Colorado Rapids,26,1994,21.3,6,0.28,5,0,0,1,0,0,1,0.05,0,0,0,1,0,0,Matches
7,Nicolás Acevedo\6140be7b,uy URU,MF,NYCFC,21,1999,15.0,29,1.93,26,0,0,0,1,2,0,0.00,0,0,0,0,0,0,Matches
8,Ifunanyachi Achara\d31bf83e,us USA,FWMF,Toronto FC,23,1997,9.1,19,2.08,12,0,5,1,1,0,3,0.33,3,0,0,0,0,0,Matches
9,Bryan Acosta\c5f400f4,hn HON,MF,FC Dallas,27,1993,17.5,41,2.34,18,17,0,1,1,4,2,0.11,2,0,0,0,0,0,Matches
10,Danilo Acosta\41f720a5,hn HON,DF,LA Galaxy,23,1997,0.7,2,2.86,2,0,0,0,0,0,0,0.00,0,0,0,0,0,0,Matches
11,Kellyn Acosta\ece10cfe,us USA,MFDF,Colorado Rapids,25,1995,19.1,40,2.10,35,1,1,1,0,2,1,0.05,1,0,0,0,0,0,Matches
12,Luciano Acosta\363ba6d7,ar ARG,MF,FC Cincinnati,26,1994,29.9,163,5.45,91,29,25,5,9,4,16,0.53,9,1,5,1,0,0,Matches
13,Mo Adams\00362ef7,eng ENG,MF,Atlanta Utd,24,1996,1.6,1,0.61,1,0,0,0,0,0,0,0.00,0,0,0,0,0,0,Matches
14,Samuel Adeniran\86429529,us USA,FWMF,Seattle,22,1998,0.7,1,1.53,0,0,0,1,0,0,0,0.00,0,0,0,0,0,0,Matches
15,Fanendo Adi\ae2dd50a,ng NGA,FW,Minnesota Utd,30,1990,2.3,6,2.57,4,0,0,1,1,0,2,0.86,1,0,0,1,0,0,Matches
16,Harrison Afful\7d8ede09,gh GHA,DF,Columbus Crew,34,1986,20.2,33,1.64,24,4,1,2,1,1,2,0.10,2,0,0,0,0,0,Matches
17,Juan Agudelo\0cb2115f,us USA,FWMF,Minnesota Utd,28,1992,2.7,7,2.57,5,0,0,1,0,1,0,0.00,0,0,0,0,0,0,Matches
18,Raul Aguilera Jr.\7b6113d9,us USA,MF,Orlando City,21,1999,1.1,0,0.00,0,0,0,0,0,0,0,0.00,0,0,0,0,0,0,Matches
19,Daniel Aguirre\ecc5063f,us USA,MFFW,LA Galaxy,21,1999,0.4,1,2.65,1,0,0,0,0,0,0,0.00,0,0,0,0,0,0,Matches
20,Matheus Aiás\3ac4ee49,br BRA,FWMF,Orlando City,24,1996,0.2,0,0.00,0,0,0,0,0,0,0,0.00,0,0,0,0,0,0,Matches
21,Arnaud Ake\3402bb17,ci CIV,FWMF,Nashville,22,1998,4.4,13,2.97,9,0,0,1,2,1,4,0.91,3,0,0,0,1,0,Matches
22,Tesho Akindele\897304e5,ca CAN,FW,Orlando City,28,1992,15.2,30,1.97,23,0,0,3,0,4,6,0.39,5,0,0,0,0,1,Matches
23,Ayo Akinola\214d2406,ca CAN,FW,Toronto FC,21,2000,7.2,10,1.40,8,0,1,1,0,0,0,0.00,0,0,0,0,0,0,Matches
24,Oswaldo Alanís\e97787d9,mx MEX,DF,San Jose,31,1989,22.7,12,0.53,7,0,0,4,0,1,1,0.04,1,0,0,0,0,0,Matches
25,Caio Alexandre\08ac23b7,br BRA,MF,Vancouver,21,1999,10.6,16,1.51,12,0,1,1,0,2,1,0.09,1,0,0,0,0,0,Matches
26,Tony Alfaro\4118b12a,us USA,DF,D.C. United,27,1993,20.5,11,0.54,8,1,0,1,0,1,1,0.05,0,0,0,0,0,1,Matches
27,Ignacio Aliseda\bb8099ee,ar ARG,FWMF,Chicago Fire,20,2000,17.7,51,2.88,38,3,4,3,3,0,3,0.17,2,0,0,1,0,0,Matches
28,Osvaldo Alonso\8449bfda,cu CUB,MF,Minnesota Utd,35,1985,15.7,28,1.78,24,0,2,0,2,0,1,0.06,1,0,0,0,0,0,Matches
29,Jozy Altidore\8db8ad1e,us USA,FW,Toronto FC,31,1989,8.5,12,1.41,8,0,0,0,3,1,2,0.23,0,0,0,0,1,1,Matches
30,Alexander Alvarado\7302ba2b,ec ECU,FWMF,Orlando City,21,1999,2.2,7,3.20,5,0,0,1,1,0,0,0.00,0,0,0,0,0,0,Matches
31,Ventura Alvarado\4c219392,us USA,DF,Inter Miami,28,1992,0.2,0,0.00,0,0,0,0,0,0,0,0.00,0,0,0,0,0,0,Matches
32,Efrain Alvarez\3cd08ab7,mx MEX,FWMF,LA Galaxy,18,2002,13.9,63,4.53,39,7,10,1,4,2,8,0.58,6,0,1,0,1,0,Matches
33,Frankie Amaya\2e8bd00c,us USA,MF,NY Red Bulls,20,2000,9.3,32,3.43,17,4,1,2,5,3,2,0.21,1,1,0,0,0,0,Matches
34,Mikey Ambrose\f649d6aa,us USA,DFMF,Atlanta Utd,27,1993,0.7,1,1.38,1,0,0,0,0,0,0,0.00,0,0,0,0,0,0,Matches
35,Malte Amundsen\83b6e15d,dk DEN,DF,NYCFC,22,1998,15.5,33,2.13,26,2,1,0,3,1,5,0.32,4,0,0,0,1,0,Matches
36,Sebastian Anderson\3a9911ce,us USA,DF,Colorado Rapids,18,2002,0.4,0,0.00,0,0,0,0,0,0,0,0.00,0,0,0,0,0,0,Matches
37,José Andrés Martínez\c8364e8e,ve VEN,MF,Philadelphia,26,1994,21.7,36,1.66,29,0,1,2,2,2,4,0.18,3,0,1,0,0,0,Matches
38,Jalil Anibaba\e44593b0,us USA,DF,Nashville,32,1988,7.1,2,0.28,2,0,0,0,0,0,0,0.00,0,0,0,0,0,0,Matches
39,Brian Anunga\17b28ec7,cm CMR,MF,Nashville,24,1996,16.8,24,1.43,20,1,1,0,1,1,1,0.06,1,0,0,0,0,0,Matches
40,Cristian Arango\fea9401e,co COL,FW,Los Angeles FC,25,1995,15.5,53,3.42,32,0,4,6,10,1,5,0.32,2,0,1,0,2,0,Matches
41,Julian Araujo\8f4541c2,mx MEX,DF,LA Galaxy,19,2001,31.0,64,2.06,57,0,6,0,1,0,10,0.32,9,0,1,0,0,0,Matches
42,Luiz Araújo\fa18c72e,br BRA,FWMF,Atlanta Utd,24,1996,12.8,58,4.55,43,1,7,4,2,1,6,0.47,4,1,1,0,0,0,Matches
43,Daniel Armando Ríos\078b2c07,mx MEX,FW,Nashville,25,1995,4.1,13,3.14,9,0,1,1,0,2,2,0.48,2,0,0,0,0,0,Matches
44,Xavier Arreaga\7f2b7640,ec ECU,DF,Seattle,26,1994,24.0,7,0.29,5,0,0,0,2,0,1,0.04,0,0,0,0,1,0,Matches
45,Paul Arriola\1bb2acce,us USA,FWMF,D.C. United,25,1995,15.1,43,2.86,32,0,4,5,2,0,8,0.53,4,0,2,2,0,0,Matches
46,Artur\ea6803c7,br BRA,MF,Columbus Crew,24,1996,4.8,3,0.63,2,0,0,1,0,0,0,0.00,0,0,0,0,0,0,Matches
47,Yamil Asad\a444689a,ar ARG,MFFW,D.C. United,26,1994,7.2,28,3.88,20,4,0,0,3,1,2,0.28,2,0,0,0,0,0,Matches
48,Dairon Asprilla\218d336c,co COL,FWMF,Portland Timbers,28,1992,23.2,54,2.33,39,0,4,7,3,1,6,0.26,5,0,0,1,0,0,Matches
49,Isaac Atanga\ff0f2a53,gh GHA,FWMF,FC Cincinnati,20,2000,11.4,15,1.32,13,0,0,1,1,0,3,0.26,3,0,0,0,0,0,Matches
50,Joshua Atencio\1f084637,us USA,MF,Seattle,19,2002,16.8,16,0.95,16,0,0,0,0,0,3,0.18,3,0,0,0,0,0,Matches
51,Jeff Attinella\4277b946,us USA,GK,Portland Timbers,32,1988,1.9,0,0.00,0,0,0,0,0,0,0,0.00,0,0,0,0,0,0,Matches
52,Eduard Atuesta\60990b81,co COL,MF,Los Angeles FC,23,1997,23.6,92,3.89,57,24,5,1,4,1,12,0.51,7,4,1,0,0,0,Matches
53,Auro\b234cb0e,br BRA,DFMF,Toronto FC,25,1996,22.1,37,1.67,29,1,5,0,2,0,6,0.27,3,0,2,0,1,0,Matches
54,Brandon Austin\5e253986,eng ENG,GK,Orlando City,22,1999,5.0,0,0.00,0,0,0,0,0,0,0,0.00,0,0,0,0,0,0,Matches
55,Edison Azcona\05f54837,do DOM,FW,Inter Miami,17,2003,0.6,0,0.00,0,0,0,0,0,0,0,0.00,0,0,0,0,0,0,Matches
56,Dominique Badji\758ac389,sn SEN,FW,Nashville,28,1992,2.1,2,0.96,2,0,0,0,0,0,0,0.00,0,0,0,0,0,0,Matches
57,Dominique Badji\758ac389,sn SEN,FWMF,Colorado Rapids,28,1992,3.6,1,0.27,1,0,0,0,0,0,0,0.00,0,0,0,0,0,0,Matches
58,Zico Bailey\aa9e1161,us USA,DF,FC Cincinnati,20,2000,7.6,13,1.71,10,0,1,0,1,1,2,0.26,2,0,0,0,0,0,Matches
59,Theo Bair\c724745e,ca CAN,FW,Vancouver,21,1999,0.3,0,0.00,0,0,0,0,0,0,0,0.00,0,0,0,0,0,0,Matches
60,Corey Baird\2d0d1442,us USA,FW,Los Angeles FC,25,1996,8.3,8,0.96,6,0,0,0,1,1,2,0.24,2,0,0,0,0,0,Matches
61,Corey Baird\2d0d1442,us USA,FW,Houston Dynamo,25,1996,4.0,8,1.99,5,0,0,3,0,0,1,0.25,0,0,0,1,0,0,Matches
62,Mateo Bajamich\d005b036,ar ARG,FWMF,Houston Dynamo,21,1999,1.5,5,3.24,5,0,0,0,0,0,1,0.65,1,0,0,0,0,0,Matches
63,Reed Baker-Whiting\816d7aec,us USA,MFFW,Seattle,15,2005,2.2,4,1.79,4,0,0,0,0,0,0,0.00,0,0,0,0,0,0,Matches
64,Michael Baldisimo\894b41c5,ca CAN,MF,Vancouver,20,2000,13.9,7,0.50,5,1,0,1,0,0,0,0.00,0,0,0,0,0,0,Matches
65,Grayson Barber\8504b10a,us USA,FWMF,Sporting KC,20,2000,2.4,2,0.83,1,0,0,0,0,1,0,0.00,0,0,0,0,0,0,Matches
66,Ezequiel Barco\7fa737c4,ar ARG,FWMF,Atlanta Utd,21,1999,23.7,124,5.22,79,13,11,4,15,2,16,0.67,11,1,1,1,2,0,Matches
67,Tom Barlow\da4821de,us USA,FWMF,NY Red Bulls,25,1995,5.5,14,2.53,10,0,2,0,0,2,0,0.00,0,0,0,0,0,0,Matches
68,Luis Barraza\e6f22a6b,us USA,GK,NYCFC,24,1996,5.0,2,0.40,0,2,0,0,0,0,1,0.20,0,1,0,0,0,0,Matches
69,Álvaro Barreal\ffca53e1,ar ARG,FWMF,FC Cincinnati,20,2000,24.5,59,2.41,28,7,4,6,11,3,5,0.20,3,0,1,1,0,0,Matches
70,Michael Barrios\df782c79,co COL,FWMF,Colorado Rapids,29,1991,23.3,80,3.44,60,1,9,3,3,4,11,0.47,6,0,3,1,1,0,Matches
71,Cole Bassett\2c8da8a1,us USA,MFFW,Colorado Rapids,19,2001,24.6,76,3.10,51,3,4,8,9,1,9,0.37,5,0,1,1,1,1,Matches
72,Zorhan Bassong\6297d826,ca CAN,DF,CF Montréal,21,1999,13.9,18,1.29,14,2,1,0,0,1,3,0.22,2,1,0,0,0,0,Matches
73,Clement Bayiha\ca9f2034,ca CAN,DF,CF Montréal,21,1999,3.2,3,0.94,1,2,0,0,0,0,0,0.00,0,0,0,0,0,0,Matches
74,Tanner Beason\3f1b018e,us USA,DF,San Jose,23,1997,21.4,12,0.56,8,1,0,2,1,0,1,0.05,0,0,0,1,0,0,Matches
75,Alejandro Bedoya\9a6f8dfd,us USA,MF,Philadelphia,33,1987,29.5,77,2.61,67,2,0,4,3,1,8,0.27,5,1,0,1,1,0,Matches
76,Steven Beitashour\64f1680a,ir IRN,DF,Colorado Rapids,33,1987,6.5,14,2.14,12,2,0,0,0,0,2,0.31,2,0,0,0,0,0,Matches
77,Jon Bell\658a3134,us USA,DF,New England,23,1997,9.1,5,0.55,4,1,0,0,0,0,2,0.22,2,0,0,0,0,0,Matches
78,George Bello\aca0a525,us USA,DF,Atlanta Utd,19,2002,27.1,41,1.52,33,1,2,1,4,0,5,0.18,4,0,0,0,1,0,Matches
79,Joe Bendik\c3e50b67,us USA,GK,Philadelphia,31,1989,2.4,0,0.00,0,0,0,0,0,0,0,0.00,0,0,0,0,0,0,Matches
80,Nicolas Benezet\30395d3b,fr FRA,FWMF,Colorado Rapids,29,1991,3.2,11,3.39,9,1,0,0,1,0,2,0.62,2,0,0,0,0,0,Matches
81,Nicolas Benezet\30395d3b,fr FRA,FWMF,Seattle,29,1991,7.4,26,3.53,19,2,1,3,1,0,1,0.14,1,0,0,0,0,0,Matches
82,Sebastian Berhalter\f33ee427,us USA,MF,Austin FC,19,2001,7.3,13,1.78,12,0,0,0,0,1,0,0.00,0,0,0,0,0,0,Matches
83,Robert Berić\9001138b,si SVN,FW,Chicago Fire,29,1991,24.4,49,2.01,35,0,2,9,2,1,3,0.12,3,0,0,0,0,0,Matches
84,Miguel Berry\a5532e80,es ESP,FW,Columbus Crew,23,1997,9.4,19,2.03,13,0,3,2,0,1,4,0.43,2,0,1,1,0,0,Matches
85,Matt Besler\8393a973,us USA,DF,Austin FC,33,1987,19.4,15,0.77,15,0,0,0,0,0,0,0.00,0,0,0,0,0,0,Matches
86,Nick Besler\cc9fa1a8,us USA,MF,Real Salt Lake,27,1993,18.3,16,0.87,13,0,0,0,0,3,3,0.16,2,0,0,0,0,1,Matches
87,Janio Bikel\7d944245,pt POR,MF,Vancouver,25,1995,25.6,18,0.70,15,0,0,0,3,0,1,0.04,1,0,0,0,0,0,Matches
88,Steve Birnbaum\26637ac8,us USA,DF,D.C. United,30,1991,18.0,7,0.39,6,0,0,1,0,0,1,0.06,1,0,0,0,0,0,Matches
89,José Bizama\fbcb25ab,cl CHI,DF,Houston Dynamo,26,1994,1.0,0,0.00,0,0,0,0,0,0,0,0.00,0,0,0,0,0,0,Matches
90,Tyler Blackett\a68a5466,eng ENG,DF,FC Cincinnati,26,1994,8.6,1,0.12,1,0,0,0,0,0,0,0.00,0,0,0,0,0,0,Matches
91,Jamal Blackman\dd26b605,eng ENG,GK,Los Angeles FC,27,1993,8.0,1,0.12,1,0,0,0,0,0,0,0.00,0,0,0,0,0,0,Matches
92,Tristan Blackmon\7f35d14e,us USA,DF,Los Angeles FC,24,1996,14.4,15,1.04,13,0,1,1,0,0,2,0.14,2,0,0,0,0,0,Matches
93,Andre Blake\b3b21a11,jm JAM,GK,Philadelphia,30,1990,26.0,1,0.04,1,0,0,0,0,0,0,0.00,0,0,0,0,0,0,Matches
94,Sebastián Blanco\4ddd0834,ar ARG,MFFW,Portland Timbers,32,1988,13.1,50,3.81,38,2,2,3,3,2,12,0.92,8,2,0,1,1,0,Matches
95,Latif Blessing\5153d32e,gh GHA,MFDF,Los Angeles FC,24,1996,24.5,72,2.94,59,0,6,1,4,2,7,0.29,6,0,0,0,1,0,Matches
96,Emmanuel Boateng\25f77a5f,gh GHA,MFFW,New England,27,1994,4.2,19,4.49,16,2,0,0,0,1,5,1.18,5,0,0,0,0,0,Matches
97,Blake Bodily\612a0951,us USA,FWDF,Portland Timbers,23,1998,2.3,6,2.63,4,2,0,0,0,0,0,0.00,0,0,0,0,0,0,Matches
98,Jonathan Bond\c3a86eea,eng ENG,GK,LA Galaxy,27,1993,31.0,5,0.16,4,1,0,0,0,0,0,0.00,0,0,0,0,0,0,Matches
99,Pablo Bonilla\da23cdc3,ve VEN,DF,Portland Timbers,21,1999,15.1,13,0.86,8,2,1,1,1,0,2,0.13,1,0,1,0,0,0,Matches
100,Alex Bono\aa28a396,us USA,GK,Toronto FC,26,1994,24.0,1,0.04,0,1,0,0,0,0,0,0.00,0,0,0,0,0,0,Matches
101,Jonathan Bornstein\79a6c95f,us USA,DF,Chicago Fire,36,1984,24.7,23,0.93,23,0,0,0,0,0,0,0.00,0,0,0,0,0,0,Matches
102,Gustavo Bou\3dfcc735,ar ARG,FW,New England,30,1990,25.8,106,4.11,83,5,7,6,2,3,15,0.58,12,0,2,1,0,0,Matches
103,Michael Boxall\6bfa0d3a,nz NZL,DF,Minnesota Utd,32,1988,24.3,8,0.33,7,0,0,1,0,0,1,0.04,0,0,0,1,0,0,Matches
104,Michael Bradley\fd5e3a73,us USA,MFDF,Toronto FC,33,1987,29.9,50,1.67,35,11,0,0,1,3,8,0.27,2,4,0,0,1,1,Matches
105,Zachary Brault-Guillard\948a58c2,ca CAN,DF,CF Montréal,22,1998,22.8,42,1.84,37,1,1,0,3,0,3,0.13,3,0,0,0,0,0,Matches
106,Claudio Bravo\5619c5e8,ar ARG,DF,Portland Timbers,23,1997,22.4,50,2.23,39,3,3,2,0,3,4,0.18,3,0,0,1,0,0,Matches
107,Brenner\279508bf,br BRA,FW,FC Cincinnati,21,2000,30.9,61,1.97,43,1,0,7,8,2,8,0.26,4,0,0,0,3,1,Matches
108,Bressan\3db1684c,br BRA,DF,FC Dallas,28,1993,19.4,15,0.77,13,1,0,1,0,0,1,0.05,1,0,0,0,0,0,Matches
109,Sebastian Breza\52e7f812,ca CAN,GK,CF Montréal,22,1998,8.0,0,0.00,0,0,0,0,0,0,0,0.00,0,0,0,0,0,0,Matches
110,Frédéric Brillant\5b14180f,fr FRA,DF,D.C. United,35,1985,14.6,4,0.27,2,1,0,0,0,1,0,0.00,0,0,0,0,0,0,Matches
111,Andrew Brody\33e46323,us USA,DF,Real Salt Lake,25,1995,12.0,20,1.67,18,0,0,0,1,1,2,0.17,2,0,0,0,0,0,Matches
112,Javain Brown\3d14c62e,jm JAM,DF,Vancouver,21,1999,19.3,27,1.40,23,2,0,0,0,2,6,0.31,5,0,0,0,0,1,Matches
113,Will Bruin\87a6ac29,us USA,FW,Seattle,31,1989,14.3,42,2.94,29,0,4,2,5,2,6,0.42,4,0,1,1,0,0,Matches
114,Tajon Buchanan\3aca6420,ca CAN,MFFW,New England,21,1999,19.4,54,2.79,34,0,6,3,10,1,9,0.46,6,0,1,0,2,0,Matches
115,Adam Buksa\3b676989,pl POL,FW,New England,24,1996,23.1,51,2.21,25,0,9,9,7,1,9,0.39,4,0,1,2,1,1,Matches
116,Teal Bunbury\3077fce8,us USA,FWMF,New England,30,1990,12.7,37,2.91,30,0,1,3,3,0,4,0.31,3,0,0,1,0,0,Matches
117,Nkosi Burgess\4a07ae31,us USA,DF,FC Dallas,23,1997,20.3,12,0.59,11,1,0,0,0,0,2,0.10,2,0,0,0,0,0,Matches
118,Cory Burke\39fde61c,jm JAM,FWMF,Philadelphia,29,1991,10.5,24,2.28,16,0,2,3,2,1,4,0.38,2,0,0,1,1,0,Matches
119,Evan Bush\69a57596,us USA,GK,Columbus Crew,34,1986,4.0,0,0.00,0,0,0,0,0,0,0,0.00,0,0,0,0,0,0,Matches
120,Gianluca Busio\4a0b7f07,us USA,MFFW,Sporting KC,18,2002,12.8,39,3.05,23,10,1,2,1,2,4,0.31,4,0,0,0,0,0,Matches
121,Handwalla Bwana\b56080ee,so SOM,FW,Nashville,23,1997,1.1,5,4.59,1,1,1,0,2,0,0,0.00,0,0,0,0,0,0,Matches
122,Brandon Bye\9fcd12af,us USA,DF,New England,25,1995,27.5,50,1.82,42,2,1,2,1,2,4,0.15,4,0,0,0,0,0,Matches
123,Kevin Cabral\42af215b,fr FRA,FWMF,LA Galaxy,21,1999,22.1,53,2.39,35,0,7,5,5,1,7,0.32,3,0,1,1,2,0,Matches
124,Jhonder Cádiz\e8edfdc9,ve VEN,FW,Nashville,25,1995,7.7,18,2.35,16,0,1,0,0,1,2,0.26,2,0,0,0,0,0,Matches
125,Deiber Caicedo\9bfa2f52,co COL,FWMF,Vancouver,20,2000,25.0,78,3.12,36,19,8,4,6,5,9,0.36,2,4,1,0,1,1,Matches
126,Luís Caicedo\008ddeb9,co COL,MF,New England,24,1996,2.1,3,1.41,2,1,0,0,0,0,0,0.00,0,0,0,0,0,0,Matches
127,Scott Caldwell\4a54592d,us USA,MF,New England,29,1991,2.3,4,1.76,4,0,0,0,0,0,1,0.44,1,0,0,0,0,0,Matches
128,Alexander Callens\af34f10d,pe PER,DF,NYCFC,28,1992,23.3,9,0.39,7,1,0,1,0,0,2,0.09,2,0,0,0,0,0,Matches
129,Francisco Calvo\706bd23f,cr CRC,DF,Chicago Fire,28,1992,16.2,11,0.68,8,0,1,2,0,0,0,0.00,0,0,0,0,0,0,Matches
130,Rudy Camacho\6ad16d47,fr FRA,DF,CF Montréal,29,1991,30.5,10,0.33,9,1,0,0,0,0,0,0.00,0,0,0,0,0,0,Matches
131,Geoff Cameron\1a160ea3,us USA,DF,FC Cincinnati,35,1985,26.3,9,0.34,7,0,0,2,0,0,3,0.11,1,0,0,2,0,0,Matches
132,George Campbell\45e1a597,us USA,DF,Atlanta Utd,19,2001,7.0,3,0.43,3,0,0,0,0,0,0,0.00,0,0,0,0,0,0,Matches
133,Russell Canouse\ec730d9a,us USA,MF,D.C. United,25,1995,19.0,23,1.21,16,0,0,2,4,1,3,0.16,3,0,0,0,0,0,Matches
134,Nathan Cardoso\d4438745,br BRA,DF,San Jose,25,1995,19.2,21,1.10,12,0,1,3,1,4,0,0.00,0,0,0,0,0,0,Matches
135,Antonio Carlos\949fe1e8,br BRA,DF,Orlando City,27,1993,26.8,15,0.56,9,1,0,3,0,2,4,0.15,2,0,0,1,0,1,Matches
136,Wikelman Carmona\cab97dd2,ve VEN,MFFW,NY Red Bulls,17,2003,13.7,50,3.66,29,7,4,1,6,3,2,0.15,1,0,0,0,1,0,Matches
137,Julián Carranza\3e9ae1db,ar ARG,FWMF,Inter Miami,20,2000,8.2,12,1.46,7,0,0,0,3,2,0,0.00,0,0,0,0,0,0,Matches
138,Adalberto Carrasquilla\f087912d,pa PAN,MF,Houston Dynamo,22,1998,6.2,21,3.39,15,0,0,0,3,3,1,0.16,1,0,0,0,0,0,Matches
139,Javier Casas\2ed8d81b,us USA,MF,Chicago Fire,17,2003,0.6,1,1.61,1,0,0,0,0,0,0,0.00,0,0,0,0,0,0,Matches
140,Julio Cascante\cc120b4f,cr CRC,DF,Austin FC,27,1993,26.8,12,0.45,11,0,0,1,0,0,2,0.07,2,0,0,0,0,0,Matches
141,Cristian Cásseres Jr.\f86fe8c1,ve VEN,MFFW,NY Red Bulls,21,2000,22.9,53,2.32,35,2,7,3,5,1,5,0.22,5,0,0,0,0,0,Matches
142,Robert Castellanos\e620dcbb,us USA,DF,Nashville,22,1998,1.0,0,0.00,0,0,0,0,0,0,0,0.00,0,0,0,0,0,0,Matches
143,Valentín Castellanos\da76bab4,ar ARG,FW,NYCFC,22,1998,30.5,102,3.34,66,1,7,10,10,8,16,0.52,8,0,1,3,2,2,Matches
144,Edgar Castillo\3cdde01b,us USA,DF,FC Cincinnati,34,1986,10.8,13,1.20,11,0,0,0,2,0,1,0.09,1,0,0,0,0,0,Matches
145,Juan Castillo\bd538c54,us USA,MF,Houston Dynamo,16,2004,0.1,0,0.00,0,0,0,0,0,0,0,0.00,0,0,0,0,0,0,Matches
146,Lucas Cavallini\dd8de641,ca CAN,FW,Vancouver,28,1992,13.7,24,1.75,15,0,4,1,3,1,5,0.37,2,0,2,0,1,0,Matches
147,Darwin Cerén\a58de3f0,sv SLV,MF,Houston Dynamo,31,1989,13.4,31,2.31,25,2,0,0,2,2,3,0.22,2,1,0,0,0,0,Matches
148,Edwin Cerrillo\bd060315,us USA,MF,FC Dallas,20,2000,15.4,17,1.10,15,0,0,1,1,0,2,0.13,2,0,0,0,0,0,Matches
149,Maikel Chang\04cc9edd,cu CUB,DFMF,Real Salt Lake,29,1991,12.1,39,3.22,32,2,0,2,1,2,2,0.17,2,0,0,0,0,0,Matches
150,Maxime Chanot\ca366055,lu LUX,DF,NYCFC,31,1989,28.9,8,0.28,5,0,0,3,0,0,0,0.00,0,0,0,0,0,0,Matches
151,Jay Chapman\3bb4d381,ca CAN,MFFW,Inter Miami,27,1994,13.2,22,1.67,19,1,0,0,1,1,2,0.15,1,1,0,0,0,0,Matches
152,Diego Chará\6260cc9d,co COL,MF,Portland Timbers,34,1986,27.2,50,1.84,45,0,1,0,4,0,2,0.07,2,0,0,0,0,0,Matches
153,Yimmi Chará\9df9baab,co COL,FWMF,Portland Timbers,29,1991,25.7,104,4.05,68,28,5,1,1,1,8,0.31,7,0,0,0,0,1,Matches
154,Justin Che\3c569f37,us USA,DF,FC Dallas,17,2003,11.3,19,1.68,18,1,0,0,0,0,3,0.27,3,0,0,0,0,0,Matches
155,Mathieu Choiniere\017459bb,ca CAN,DF,CF Montréal,21,1999,22.0,30,1.36,24,2,2,0,1,1,0,0.00,0,0,0,0,0,0,Matches
156,Léo Chú\d88ebbe9,br BRA,FWMF,Seattle,20,2000,1.7,6,3.53,5,0,0,0,1,0,2,1.18,2,0,0,0,0,0,Matches
157,José Cifuentes\8c8c07a7,ec ECU,MF,Los Angeles FC,21,1999,25.7,97,3.77,78,2,4,3,5,5,13,0.50,9,0,0,2,0,2,Matches
158,Abdoulaye Cissoko\52a6ef30,fr FRA,DF,Seattle,21,1999,10.7,2,0.19,1,0,0,0,0,1,0,0.00,0,0,0,0,0,0,Matches
159,Caden Clark\6e327d0d,us USA,MFFW,NY Red Bulls,17,2003,16.7,42,2.52,31,3,3,1,1,3,7,0.42,6,0,0,0,1,0,Matches
160,Steve Clark\ed6320b7,us USA,GK,Portland Timbers,34,1986,23.3,0,0.00,0,0,0,0,0,0,0,0.00,0,0,0,0,0,0,Matches
161,Stefan Cleveland\873fdbdf,us USA,GK,Seattle,26,1994,15.0,0,0.00,0,0,0,0,0,0,0,0.00,0,0,0,0,0,0,Matches
162,Elliot Collier\5804f03b,nz NZL,FWMF,Chicago Fire,25,1995,3.7,8,2.15,8,0,0,0,0,0,2,0.54,2,0,0,0,0,0,Matches
163,Jackson Conway\1cfa6e1a,us USA,FWMF,Atlanta Utd,19,2001,2.7,4,1.51,2,0,1,0,0,1,0,0.00,0,0,0,0,0,0,Matches
164,Derek Cornelius\577744b8,ca CAN,DFFW,Vancouver,23,1997,1.6,1,0.62,0,0,0,1,0,0,0,0.00,0,0,0,0,0,0,Matches
165,Joe Corona\470cd24b,us USA,MF,Houston Dynamo,30,1990,19.2,48,2.49,37,3,1,4,1,2,3,0.16,2,0,0,1,0,0,Matches
166,Carlos Coronel\5c07e176,br BRA,GK,NY Red Bulls,24,1996,34.0,5,0.15,3,2,0,0,0,0,1,0.03,1,0,0,0,0,0,Matches
167,Séga Coulibaly\dab9537e,fr FRA,DF,LA Galaxy,24,1996,15.8,6,0.38,6,0,0,0,0,0,1,0.06,1,0,0,0,0,0,Matches
168,Cade Cowell\f8e95f87,us USA,FWMF,San Jose,17,2003,18.6,54,2.91,38,0,8,3,3,2,8,0.43,6,0,2,0,0,0,Matches
169,Maxime Crépeau\ea42e480,ca CAN,GK,Vancouver,26,1994,27.0,0,0.00,0,0,0,0,0,0,0,0.00,0,0,0,0,0,0,Matches
170,Daniel Crisostomo\33fdd2aa,us USA,MF,Los Angeles FC,24,1997,4.4,3,0.69,3,0,0,0,0,0,0,0.00,0,0,0,0,0,0,Matches
171,Cody Cropper\aa133046,us USA,GK,FC Cincinnati,27,1993,1.0,0,0.00,0,0,0,0,0,0,0,0.00,0,0,0,0,0,0,Matches
172,Allan Cruz\030105a5,cr CRC,MF,FC Cincinnati,24,1996,18.3,25,1.37,18,0,0,2,4,1,1,0.05,1,0,0,0,0,0,Matches
173,Cristián Dajome\a065e877,co COL,FWDF,Vancouver,27,1994,29.7,79,2.66,50,1,10,3,13,2,12,0.40,7,0,2,0,3,0,Matches
174,Jürgen Damm\bbf8bf7a,mx MEX,FWDF,Atlanta Utd,28,1992,1.8,9,5.00,6,1,1,0,0,1,0,0.00,0,0,0,0,0,0,Matches
175,Jesús Daniel Bueno\b5687b08,ve VEN,MF,Philadelphia,21,1999,0.3,2,5.81,2,0,0,0,0,0,0,0.00,0,0,0,0,0,0,Matches
176,Mario Daniel Vega\6904a59a,ar ARG,GK,San Jose,36,1984,1.0,0,0.00,0,0,0,0,0,0,0,0.00,0,0,0,0,0,0,Matches
177,Abu Danladi\507383d1,gh GHA,FWMF,Nashville,25,1995,1.1,6,5.68,5,0,0,1,0,0,0,0.00,0,0,0,0,0,0,Matches
178,Toni Datković\0893e14b,hr CRO,DF,Real Salt Lake,27,1993,6.5,2,0.31,2,0,0,0,0,0,0,0.00,0,0,0,0,0,0,Matches
179,Jake Davis\79d3a503,us USA,MF,Sporting KC,19,2002,0.0,,,,,,,,,,,,,,,,,Matches
180,Sean Davis\cb75cac9,us USA,MF,NY Red Bulls,27,1993,34.0,83,2.44,67,12,0,1,1,2,4,0.12,4,0,0,0,0,0,Matches
181,Matheus Davó\e48e1310,br BRA,FWMF,Philadelphia,21,1999,0.2,0,0.00,0,0,0,0,0,0,0,0.00,0,0,0,0,0,0,Matches
182,Alex DeJohn\2a6c024c,us USA,DF,Atlanta Utd,29,1991,1.4,0,0.00,0,0,0,0,0,0,0,0.00,0,0,0,0,0,0,Matches
183,A.J. DeLaGarza\171b3c37,gu GUM,DF,New England,33,1987,5.6,7,1.25,6,0,0,0,1,0,2,0.36,2,0,0,0,0,0,Matches
184,Jordy Delem\12e3a5f4,mq MTQ,MFDF,Seattle,27,1993,0.4,1,2.43,1,0,0,0,0,0,0,0.00,0,0,0,0,0,0,Matches
185,Nick DeLeon\21490b0d,us USA,MFFW,Toronto FC,30,1990,7.0,7,1.00,3,0,1,3,0,0,0,0.00,0,0,0,0,0,0,Matches
186,Marky Delgado\7f6a25b7,us USA,MFFW,Toronto FC,25,1995,26.3,63,2.39,55,2,1,0,3,2,2,0.08,1,0,0,0,1,0,Matches
187,Nick DePuy\ba7b4e67,us USA,DF,LA Galaxy,26,1994,20.7,6,0.29,6,0,0,0,0,0,1,0.05,1,0,0,0,0,0,Matches
188,Silvester van der Water\5d83500d,nl NED,FWMF,Orlando City,24,1996,10.9,42,3.87,27,8,3,1,2,1,4,0.37,3,0,1,0,0,0,Matches
189,Joey DeZart\9d7142a6,us USA,MF,Orlando City,22,1998,6.3,6,0.96,5,0,1,0,0,0,0,0.00,0,0,0,0,0,0,Matches
190,Amadou Dia\1650e261,us USA,DF,Sporting KC,27,1993,1.2,0,0.00,0,0,0,0,0,0,0,0.00,0,0,0,0,0,0,Matches
191,Youba Diarra\d61759ec,ml MLI,MF,NY Red Bulls,22,1998,1.4,1,0.73,1,0,0,0,0,0,0,0.00,0,0,0,0,0,0,Matches
192,Luis Díaz\1c9838aa,cr CRC,FW,Columbus Crew,22,1998,10.9,20,1.83,12,0,2,0,5,1,1,0.09,0,0,0,0,1,0,Matches
193,Bakaye Dibassy\247accfd,ml MLI,DF,Minnesota Utd,31,1989,25.9,12,0.46,8,0,2,1,1,0,0,0.00,0,0,0,0,0,0,Matches
194,Daryl Dike\d4cfc93c,us USA,FW,Orlando City,20,2000,14.7,26,1.77,7,0,6,3,10,0,5,0.34,3,0,1,0,1,0,Matches
195,Clément Diop\0d5c0218,sn SEN,GK,CF Montréal,27,1993,8.0,0,0.00,0,0,0,0,0,0,0,0.00,0,0,0,0,0,0,Matches
196,Moussa Djitte\627b570a,sn SEN,FW,Austin FC,21,1999,6.7,20,2.98,17,0,0,2,1,0,1,0.15,0,0,0,1,0,0,Matches
197,Ethan Dobbelaere\1e772b7c,us USA,DFMF,Seattle,18,2002,2.0,4,1.99,3,0,0,0,1,0,0,0.00,0,0,0,0,0,0,Matches
198,Cecilio Domínguez\3162d667,py PAR,FW,Austin FC,26,1994,26.3,75,2.85,45,9,5,5,6,5,6,0.23,3,1,0,1,1,0,Matches
199,Irakoze Donasiyano\6195efdb,us USA,MF,Nashville,22,1998,0.3,0,0.00,0,0,0,0,0,0,0,0.00,0,0,0,0,0,0,Matches
200,Griffin Dorsey\c182ca04,us USA,FWDF,Houston Dynamo,21,1999,16.5,47,2.85,39,1,3,2,1,1,2,0.12,2,0,0,0,0,0,Matches
201,Jonathan dos Santos\91872dec,mx MEX,MF,LA Galaxy,30,1990,20.1,55,2.74,48,2,1,1,1,2,1,0.05,1,0,0,0,0,0,Matches
202,Hassani Dotson\8f2af1ed,us USA,MFFW,Minnesota Utd,23,1997,26.3,67,2.54,44,1,6,12,3,1,5,0.19,3,0,0,1,1,0,Matches
203,Josh Drack\98a70879,us USA,MF,LA Galaxy,21,1999,0.0,0,0.00,0,0,0,0,0,0,0,0.00,0,0,0,0,0,0,Matches
204,Sebastián Driussi\60e86875,ar ARG,MFFW,Austin FC,24,1996,15.3,63,4.12,42,9,3,4,4,1,9,0.59,6,1,1,1,0,0,Matches
205,Bryce Duke\59557625,us USA,MFFW,Los Angeles FC,19,2001,5.1,22,4.30,15,4,0,0,1,2,2,0.39,2,0,0,0,0,0,Matches
206,Cameron Duke\c679d9fd,us USA,MFDF,Sporting KC,19,2001,7.4,6,0.81,4,0,0,0,2,0,0,0.00,0,0,0,0,0,0,Matches
207,Cameron Dunbar\a8734f4a,us USA,FWMF,LA Galaxy,18,2002,3.3,8,2.44,7,0,0,0,1,0,1,0.31,1,0,0,0,0,0,Matches
208,Kyle Duncan\575e6cb1,us USA,DF,NY Red Bulls,23,1997,28.9,55,1.90,44,2,4,2,1,2,3,0.10,3,0,0,0,0,0,Matches
209,Julian Dunn-Johnson\220b5800,ca CAN,DF,Toronto FC,20,2000,1.0,1,1.00,0,0,0,1,0,0,0,0.00,0,0,0,0,0,0,Matches
210,Chris Duvall\39fae08b,us USA,DF,FC Cincinnati,29,1991,1.0,3,3.03,3,0,0,0,0,0,0,0.00,0,0,0,0,0,0,Matches
211,Dom Dwyer\bdfc15f8,us USA,FW,Toronto FC,30,1990,5.5,10,1.81,3,0,3,0,4,0,2,0.36,2,0,0,0,0,0,Matches
212,Jeremy Ebobisse\5fa7b2ec,us USA,FW,San Jose,23,1997,8.4,17,2.02,11,0,1,4,1,0,0,0.00,0,0,0,0,0,0,Matches
213,Jeremy Ebobisse\5fa7b2ec,us USA,FWMF,Portland Timbers,23,1997,10.5,26,2.48,17,0,3,1,4,1,0,0.00,0,0,0,0,0,0,Matches
214,Javier Eduardo López\f851b52f,mx MEX,MFFW,San Jose,26,1994,25.0,98,3.91,59,19,10,6,1,3,10,0.40,4,1,3,2,0,0,Matches
215,Raheem Edwards\b828d56a,ca CAN,DFMF,Los Angeles FC,25,1995,15.3,48,3.14,33,3,3,1,5,3,5,0.33,4,0,0,0,1,0,Matches
216,Tom Edwards\1b780599,eng ENG,DF,NY Red Bulls,22,1999,21.7,45,2.08,22,19,2,1,1,0,3,0.14,0,2,0,1,0,0,Matches
217,Mandela Egbo\5603d397,eng ENG,DF,NY Red Bulls,23,1997,0.3,0,0.00,0,0,0,0,0,0,0,0.00,0,0,0,0,0,0,Matches
218,Jack Elliott\041deebd,eng ENG,DF,Philadelphia,25,1995,33.0,15,0.45,12,0,0,1,1,1,4,0.12,2,0,0,0,1,1,Matches
219,Kalil ElMedkhar\272c1aaf,us USA,FWMF,FC Dallas,21,1999,1.4,3,2.18,3,0,0,0,0,0,0,0.00,0,0,0,0,0,0,Matches
220,Tsubasa Endoh\46dca6e8,jp JPN,FWMF,Toronto FC,27,1993,5.7,2,0.35,2,0,0,0,0,0,1,0.18,1,0,0,0,0,0,Matches
221,Adam Esparza\ca135560,us USA,MF,LA Galaxy,18,2002,7.5,7,0.94,6,0,1,0,0,0,0,0.00,0,0,0,0,0,0,Matches
222,Cristian Espinoza\9c794a80,ar ARG,FWMF,San Jose,25,1995,24.7,81,3.27,42,25,6,5,2,1,11,0.44,4,4,2,0,0,1,Matches
223,Jhon Espinoza\79666d5a,ec ECU,DF,Chicago Fire,21,1999,9.0,22,2.44,17,1,4,0,0,0,2,0.22,2,0,0,0,0,0,Matches
224,Roger Espinoza\60b7c195,hn HON,MF,Sporting KC,34,1986,23.2,41,1.76,35,0,2,2,2,0,4,0.17,4,0,0,0,0,0,Matches
225,Lucas Esteves\c6ec0258,br BRA,DF,Colorado Rapids,20,2000,10.3,21,2.04,18,0,1,1,0,1,0,0.00,0,0,0,0,0,0,Matches
226,Derrick Etienne\59059f1e,ht HAI,FWMF,Columbus Crew,24,1996,20.5,48,2.35,39,0,3,2,4,0,6,0.29,6,0,0,0,0,0,Matches
227,Fábio\30f90535,br BRA,FWMF,NY Red Bulls,23,1997,24.3,61,2.51,44,0,5,8,3,1,8,0.33,6,0,0,1,0,1,Matches
228,Diego Fagúndez\fe81682e,uy URU,MFFW,Austin FC,25,1995,28.1,94,3.35,68,15,4,3,3,1,9,0.32,6,0,0,1,2,0,Matches
229,Mamadou Fall\805a2a11,sn SEN,DF,Los Angeles FC,18,2002,16.8,16,0.95,11,0,1,1,2,1,1,0.06,1,0,0,0,0,0,Matches
230,Marco Farfan\cfc68595,us USA,DF,Los Angeles FC,22,1998,19.5,35,1.80,29,2,2,1,0,1,0,0.00,0,0,0,0,0,0,Matches
231,Andrew Farrell\71eda165,us USA,DF,New England,28,1992,33.0,12,0.36,11,0,1,0,0,0,2,0.06,2,0,0,0,0,0,Matches
232,Felipe\2415bd0a,br BRA,MF,D.C. United,30,1990,12.6,31,2.47,28,1,0,1,1,0,8,0.64,8,0,0,0,0,0,Matches
233,Omir Fernandez\622986f0,us USA,FWMF,NY Red Bulls,21,1999,8.6,31,3.61,19,0,7,1,3,1,0,0.00,0,0,0,0,0,0,Matches
234,Jesus Ferreira\f61246d8,us USA,MF,FC Dallas,20,2000,24.9,106,4.26,68,24,4,3,4,3,13,0.52,11,0,1,1,0,0,Matches
235,Carlos Fierro\bbd2b6b7,mx MEX,FWMF,San Jose,26,1994,12.9,52,4.03,31,11,2,3,3,2,6,0.47,3,1,0,2,0,0,Matches
236,Jorge Figal\91e44066,ar ARG,DF,Inter Miami,26,1994,22.3,21,0.94,19,0,1,1,0,0,4,0.18,3,0,1,0,0,0,Matches
237,Maynor Figueroa\d8524b21,hn HON,DF,Houston Dynamo,37,1983,9.1,22,2.41,15,0,0,3,3,1,3,0.33,1,0,0,1,1,0,Matches
238,Stuart Findlay\edffe99a,sct SCO,DF,Philadelphia,25,1995,4.2,2,0.48,2,0,0,0,0,0,0,0.00,0,0,0,0,0,0,Matches
239,Ethan Finlay\c16a59af,us USA,FW,Minnesota Utd,30,1990,19.1,41,2.15,29,1,7,2,2,0,6,0.31,4,0,1,0,1,0,Matches
240,Oniel Fisher\ed5fdca6,jm JAM,DF,LA Galaxy,29,1991,5.4,3,0.55,3,0,0,0,0,0,1,0.18,1,0,0,0,0,0,Matches
241,Leon Flach\39859fa1,us USA,MF,Philadelphia,19,2001,29.3,38,1.30,31,0,2,2,2,1,2,0.07,2,0,0,0,0,0,Matches
242,Edison Flores\ef2c82f8,pe PER,FWMF,D.C. United,26,1994,10.8,39,3.61,23,4,1,7,4,0,6,0.56,5,0,0,1,0,0,Matches
243,George Fochive\f99000bb,us USA,MF,Portland Timbers,28,1992,11.5,11,0.96,8,0,0,2,1,0,1,0.09,0,0,0,1,0,0,Matches
244,Anthony Fontana\1f34358e,us USA,MFFW,Philadelphia,21,1999,3.9,11,2.82,5,0,2,2,2,0,1,0.26,1,0,0,0,0,0,Matches
245,Andreu Fontàs\0f138d5a,es ESP,DF,Sporting KC,31,1989,33.0,30,0.91,26,0,0,1,1,2,2,0.06,2,0,0,0,0,0,Matches
246,Franco Fragapane\09538c47,ar ARG,FWMF,Minnesota Utd,27,1993,17.0,61,3.59,46,8,1,3,2,1,10,0.59,8,2,0,0,0,0,Matches
247,Waylon Francis\a3a1849f,cr CRC,DF,Columbus Crew,30,1990,14.9,17,1.14,17,0,0,0,0,0,0,0.00,0,0,0,0,0,0,Matches
248,Alan Franco\a548281c,ar ARG,DF,Atlanta Utd,24,1996,22.4,16,0.72,14,0,0,0,0,2,5,0.22,4,0,0,0,0,1,Matches
249,Przemysław Frankowski\00a8d210,pl POL,FWMF,Chicago Fire,25,1995,11.8,42,3.56,35,0,4,1,1,1,3,0.25,3,0,0,0,0,0,Matches
250,Liam Fraser\d784062b,ca CAN,MF,Toronto FC,22,1998,0.4,3,8.44,3,0,0,0,0,0,0,0.00,0,0,0,0,0,0,Matches
251,Liam Fraser\d784062b,ca CAN,MF,Columbus Crew,22,1998,12.7,9,0.71,9,0,0,0,0,0,2,0.16,2,0,0,0,0,0,Matches
252,Matt Freese\2f49476c,us USA,GK,Philadelphia,22,1998,5.6,0,0.00,0,0,0,0,0,0,0,0.00,0,0,0,0,0,0,Matches
253,Stefan Frei\1d0a0f3e,ch SUI,GK,Seattle,34,1986,17.0,2,0.12,2,0,0,0,0,0,0,0.00,0,0,0,0,0,0,Matches
254,Alejandro Fuenmayor\77edb7ec,ve VEN,DF,Houston Dynamo,24,1996,3.0,2,0.67,2,0,0,0,0,0,0,0.00,0,0,0,0,0,0,Matches
255,McKinze Gaines\8ef72983,us USA,FW,Austin FC,22,1998,2.4,3,1.27,2,0,1,0,0,0,0,0.00,0,0,0,0,0,0,Matches
256,Jon Gallagher\9d5afdfb,ie IRL,FWMF,Austin FC,24,1996,14.1,30,2.13,23,0,5,1,1,0,3,0.21,2,0,0,1,0,0,Matches
257,Pedro Gallese\b76e1394,pe PER,GK,Orlando City,30,1990,22.0,0,0.00,0,0,0,0,0,0,0,0.00,0,0,0,0,0,0,Matches
258,Braian Galván\bbfbd4d3,ar ARG,DFMF,Colorado Rapids,20,2000,13.4,45,3.37,38,0,2,2,3,0,4,0.30,2,0,1,1,0,0,Matches
259,Boniek García\889ce425,hn HON,DFMF,Houston Dynamo,36,1984,7.9,9,1.14,8,0,0,0,0,1,0,0.00,0,0,0,0,0,0,Matches
260,Bruno Gaspar\55ae91f0,ao ANG,DF,Vancouver,27,1993,9.9,12,1.21,10,1,0,0,0,1,2,0.20,2,0,0,0,0,0,Matches
261,Chase Gasper\7371ec36,us USA,DF,Minnesota Utd,25,1996,29.2,51,1.75,38,5,2,5,1,0,4,0.14,3,0,0,1,0,0,Matches
262,Ryan Gauld\862e93c2,sct SCO,MFFW,Vancouver,25,1995,14.5,78,5.37,35,27,3,7,4,2,11,0.76,4,2,0,4,1,0,Matches
263,Dániel Gazdag\527d0e31,hu HUN,MFFW,Philadelphia,24,1996,14.8,36,2.43,31,2,3,0,0,0,6,0.41,5,1,0,0,0,0,Matches
264,Kieran Gibbs\46ee5234,eng ENG,DF,Inter Miami,31,1989,7.7,12,1.56,10,0,1,1,0,0,1,0.13,1,0,0,0,0,0,Matches
265,Carles Gil\11c30a46,es ESP,MF,New England,28,1992,25.4,219,8.63,137,54,13,7,6,2,27,1.06,16,4,4,2,1,0,Matches
266,José Antonio Martínez Gil\8e049cbd,es ESP,DF,FC Dallas,27,1993,16.7,5,0.30,4,0,0,1,0,0,1,0.06,0,0,0,1,0,0,Matches
267,Gastón Giménez\ab66cc31,py PAR,MF,Chicago Fire,29,1991,21.7,46,2.12,32,9,1,1,1,2,4,0.18,3,1,0,0,0,0,Matches
268,Francisco Ginella\5a28a782,uy URU,MF,Los Angeles FC,22,1999,9.8,26,2.64,21,0,2,0,1,2,2,0.20,1,0,0,0,1,0,Matches
269,Justen Glad\5b768b0f,us USA,DF,Real Salt Lake,23,1997,31.0,27,0.87,23,1,1,1,1,0,2,0.06,2,0,0,0,0,0,Matches
270,Jakob Glesnes\ac65aef3,no NOR,DF,Philadelphia,26,1994,34.0,21,0.62,20,0,1,0,0,0,3,0.09,3,0,0,0,0,0,Matches
271,Chris Gloster\01cd3c12,us USA,DF,NYCFC,20,2000,0.8,2,2.61,2,0,0,0,0,0,0,0.00,0,0,0,0,0,0,Matches
272,Marcus Godinho\27854bf6,ca CAN,DF,Vancouver,23,1997,1.3,3,2.35,2,0,1,0,0,0,0,0.00,0,0,0,0,0,0,Matches
273,Aníbal Godoy\2d496ca3,pa PAN,MF,Nashville,30,1990,22.4,38,1.69,32,0,0,2,2,2,5,0.22,5,0,0,0,0,0,Matches
274,Erik Godoy\e8b80334,ar ARG,DF,Vancouver,27,1993,14.5,7,0.48,6,0,0,1,0,0,1,0.07,1,0,0,0,0,0,Matches
275,Yeimar Gómez Andrade\e43c8d72,co COL,DF,Seattle,28,1992,29.6,11,0.37,6,0,0,3,0,2,0,0.00,0,0,0,0,0,0,Matches
276,Leandro González Pirez\5ba1112c,ar ARG,DF,Inter Miami,28,1992,29.5,21,0.71,16,1,0,1,1,2,3,0.10,3,0,0,0,0,0,Matches
277,Omar Gonzalez\0d2fe665,us USA,DF,Toronto FC,32,1988,25.5,11,0.43,10,0,0,1,0,0,2,0.08,1,0,0,1,0,0,Matches
278,Samuel Grandsir\d2448564,fr FRA,FWMF,LA Galaxy,24,1996,23.1,56,2.43,42,1,5,5,2,1,7,0.30,5,0,1,1,0,0,Matches
279,Tayvon Gray\c839e1b2,us USA,DF,NYCFC,18,2002,4.2,6,1.42,5,0,1,0,0,0,1,0.24,1,0,0,0,0,0,Matches
280,Gregore\49815f34,br BRA,MF,Inter Miami,26,1994,28.2,31,1.10,26,0,1,0,2,2,3,0.11,3,0,0,0,0,0,Matches
281,Ján Greguš\7d974435,sk SVK,MF,Minnesota Utd,30,1991,8.6,22,2.56,14,4,2,0,1,1,1,0.12,1,0,0,0,0,0,Matches
282,Julian Gressel\acd47bc0,de GER,DF,D.C. United,27,1993,29.9,142,4.75,80,49,5,3,2,3,17,0.57,10,6,0,1,0,0,Matches
283,Adam Grinwis\0d3f30b9,us USA,GK,Orlando City,28,1992,2.0,0,0.00,0,0,0,0,0,0,0,0.00,0,0,0,0,0,0,Matches
284,Sami Guediri\e3dc71a7,us USA,DF,Inter Miami,23,1997,2.3,0,0.00,0,0,0,0,0,0,0,0.00,0,0,0,0,0,0,Matches
285,Jack Gurr\2ade3d9e,eng ENG,DF,Atlanta Utd,25,1995,0.5,1,2.00,1,0,0,0,0,0,0,0.00,0,0,0,0,0,0,Matches
286,Brian Gutiérrez\d88f31db,us USA,FWMF,Chicago Fire,17,2003,6.7,28,4.20,24,0,1,1,1,1,2,0.30,1,0,0,1,0,0,Matches
287,Cristián Gutiérrez\6e56a4f2,cl CHI,DF,Vancouver,23,1997,17.2,30,1.75,13,17,0,0,0,0,3,0.17,0,3,0,0,0,0,Matches
288,Andrew Gutman\b7a23251,us USA,DF,NY Red Bulls,24,1996,20.4,41,2.01,31,1,2,1,3,3,4,0.20,2,0,0,0,1,1,Matches
289,Brad Guzan\d899e3bf,us USA,GK,Atlanta Utd,36,1984,29.0,4,0.14,4,0,0,0,0,0,1,0.03,1,0,0,0,0,0,Matches
290,Joe Gyau\3511b4f8,us USA,DFFW,FC Cincinnati,28,1992,18.5,19,1.03,14,0,3,0,2,0,0,0.00,0,0,0,0,0,0,Matches
291,Luke Haakenson\77d28e45,us USA,MFFW,Nashville,23,1997,4.0,10,2.49,7,0,2,1,0,0,2,0.50,0,0,2,0,0,0,Matches
292,Kamron Habibullah\4deda098,ca CAN,MFFW,Vancouver,17,2003,0.4,1,2.50,1,0,0,0,0,0,0,0.00,0,0,0,0,0,0,Matches
293,Teenage Hadebe\582952f2,zw ZIM,DF,Houston Dynamo,25,1995,16.5,12,0.73,12,0,0,0,0,0,1,0.06,1,0,0,0,0,0,Matches
294,Nick Hagglund\39632554,us USA,DF,FC Cincinnati,28,1992,18.6,18,0.97,15,1,0,0,2,0,0,0.00,0,0,0,0,0,0,Matches
295,Marlon Hairston\1d531c57,us USA,MF,Columbus Crew,26,1994,14.4,15,1.04,12,0,1,1,1,0,1,0.07,1,0,0,0,0,0,Matches
296,Siad Haji\9212f1cb,so SOM,FWMF,San Jose,21,1999,0.5,5,9.18,2,0,1,1,1,0,0,0.00,0,0,0,0,0,0,Matches
297,Michael Halliday\6ad5f50e,us USA,DF,Orlando City,18,2003,4.2,4,0.94,3,0,0,0,1,0,1,0.24,0,0,0,0,1,0,Matches
298,Niko Hämäläinen\4435db1e,fi FIN,DF,LA Galaxy,23,1997,12.7,18,1.41,15,2,1,0,0,0,0,0.00,0,0,0,0,0,0,Matches
299,Ahmed Hamdi\fc7c8d3d,eg EGY,MF,CF Montréal,22,1998,9.9,26,2.63,22,0,0,2,1,1,2,0.20,2,0,0,0,0,0,Matches
300,Bill Hamid\012fc030,us USA,GK,D.C. United,30,1990,20.2,2,0.10,1,1,0,0,0,0,0,0.00,0,0,0,0,0,0,Matches
301,Niko Hansen\9bebd450,dk DEN,MFFW,Minnesota Utd,26,1994,5.0,13,2.61,10,0,1,1,1,0,2,0.40,2,0,0,0,0,0,Matches
302,Cameron Harper\4a78c769,us USA,FWDF,NY Red Bulls,19,2001,1.1,3,2.70,2,0,0,0,1,0,0,0.00,0,0,0,0,0,0,Matches
303,Nathan Harriel\b3edbeff,us USA,DF,Philadelphia,19,2001,2.0,5,2.50,4,0,0,0,1,0,1,0.50,1,0,0,0,0,0,Matches
304,Calvin Harris\07b0aeef,eng ENG,MFFW,FC Cincinnati,20,2000,5.0,7,1.39,5,0,1,1,0,0,0,0.00,0,0,0,0,0,0,Matches
305,Wilson Harris\ca0756aa,us USA,FW,Sporting KC,21,1999,2.0,5,2.53,4,0,0,0,0,1,0,0.00,0,0,0,0,0,0,Matches
306,Carlos Harvey\3f18600c,pa PAN,MF,LA Galaxy,20,2000,1.5,3,1.96,3,0,0,0,0,0,1,0.65,1,0,0,0,0,0,Matches
307,Jordan Harvey\bb78f8a5,us USA,DF,Los Angeles FC,37,1984,0.1,0,0.00,0,0,0,0,0,0,0,0.00,0,0,0,0,0,0,Matches
308,Thomas Hasal\86bac87b,ca CAN,GK,Vancouver,21,1999,7.0,0,0.00,0,0,0,0,0,0,0,0.00,0,0,0,0,0,0,Matches
309,Jacori Hayes\d2173b7b,us USA,MF,Minnesota Utd,25,1995,5.8,13,2.23,11,0,0,0,1,1,0,0.00,0,0,0,0,0,0,Matches
310,Héber\d552c4a1,br BRA,FW,NYCFC,29,1991,1.1,2,1.80,0,0,1,1,0,0,0,0.00,0,0,0,0,0,0,Matches
311,Matt Hedges\5e2a4d0e,us USA,DF,FC Dallas,30,1990,16.0,7,0.44,6,0,0,0,0,1,0,0.00,0,0,0,0,0,0,Matches
312,Fabian Herbers\5cbf5ccd,de GER,MFFW,Chicago Fire,27,1993,20.3,60,2.95,51,1,1,2,2,3,8,0.39,6,0,0,1,1,0,Matches
313,Felipe Hernandez\31a4d0b8,us USA,MF,Sporting KC,22,1998,4.5,17,3.76,11,0,1,3,0,2,3,0.66,3,0,0,0,0,0,Matches
314,Javier Hernández\189cee7b,mx MEX,FW,LA Galaxy,32,1988,19.2,49,2.55,34,0,1,2,10,2,7,0.36,5,0,0,1,1,0,Matches
315,Ronald Hernández\de907bab,ve VEN,DF,Atlanta Utd,23,1997,7.0,10,1.42,7,0,1,1,0,1,0,0.00,0,0,0,0,0,0,Matches
316,Aaron Herrera\d86e3070,us USA,DF,Real Salt Lake,23,1997,27.9,82,2.94,65,6,5,1,2,3,15,0.54,13,1,0,0,0,1,Matches
317,Federico Higuaín\ef8fc24c,ar ARG,MFFW,Inter Miami,36,1984,9.0,42,4.67,29,10,0,0,1,2,6,0.67,3,1,0,0,1,1,Matches
318,Gonzalo Higuaín\8a08491a,ar ARG,FW,Inter Miami,33,1987,27.2,75,2.76,55,5,6,4,4,1,15,0.55,11,2,1,0,0,1,Matches
319,Brendan Hines-Ike\b807c1dc,us USA,DF,D.C. United,26,1994,11.7,7,0.60,4,0,1,2,0,0,2,0.17,0,0,0,2,0,0,Matches
320,Danny Hoesen\5ef1939b,nl NED,FW,Austin FC,30,1991,3.4,3,0.89,2,0,0,0,1,0,1,0.30,1,0,0,0,0,0,Matches
321,Ian Hoffmann\c0243229,de GER,DF,Houston Dynamo,19,2001,2.8,3,1.08,3,0,0,0,0,0,0,0.00,0,0,0,0,0,0,Matches
322,Ryan Hollingshead\28b58797,us USA,DF,FC Dallas,29,1991,29.6,67,2.26,50,2,6,2,2,5,7,0.24,4,0,1,0,0,2,Matches
323,Erik Holt\3677d047,us USA,DF,Real Salt Lake,24,1996,15.1,11,0.73,9,0,1,1,0,0,0,0.00,0,0,0,0,0,0,Matches
324,Adrien Hunou\d14229f3,fr FRA,FW,Minnesota Utd,27,1994,19.0,44,2.32,31,0,2,3,6,2,3,0.16,1,0,0,2,0,0,Matches
325,Erik Hurtado\b11e6f2b,us USA,FWMF,Columbus Crew,30,1990,3.3,3,0.92,3,0,0,0,0,0,0,0.00,0,0,0,0,0,0,Matches
326,Erik Hurtado\b11e6f2b,us USA,FW,CF Montréal,30,1990,3.2,15,4.70,13,0,2,0,0,0,1,0.31,1,0,0,0,0,0,Matches
327,Emerson Hyndman\3be1a627,us USA,MFFW,Atlanta Utd,24,1996,6.9,16,2.33,10,1,2,1,2,0,2,0.29,2,0,0,0,0,0,Matches
328,Franco Ibarra\db6540c5,ar ARG,MF,Atlanta Utd,19,2001,8.7,6,0.69,3,0,0,0,3,0,0,0.00,0,0,0,0,0,0,Matches
329,Sebastien Ibeagha\41ba8175,us USA,DF,Los Angeles FC,29,1992,7.4,3,0.41,2,0,0,0,0,1,0,0.00,0,0,0,0,0,0,Matches
330,Sebastien Ibeagha\41ba8175,us USA,DF,NYCFC,29,1992,3.9,0,0.00,0,0,0,0,0,0,0,0.00,0,0,0,0,0,0,Matches
331,Sunusi Ibrahim\796994e5,ng NGA,FW,CF Montréal,18,2002,10.2,18,1.77,10,0,5,0,2,1,0,0.00,0,0,0,0,0,0,Matches
332,Milan Iloski\4f87c75f,us USA,FW,Real Salt Lake,21,1999,0.0,0,0.00,0,0,0,0,0,0,0,0.00,0,0,0,0,0,0,Matches
333,Ilsinho\aa8683ae,br BRA,DFMF,Philadelphia,35,1985,0.9,1,1.08,1,0,0,0,0,0,0,0.00,0,0,0,0,0,0,Matches
334,Arnór Ingvi Traustason\7d036b4a,is ISL,MFFW,New England,27,1993,16.1,35,2.17,28,2,1,2,2,0,8,0.50,5,2,0,0,1,0,Matches
335,Clint Irwin\c1205184,us USA,GK,Colorado Rapids,31,1989,1.0,0,0.00,0,0,0,0,0,0,0,0.00,0,0,0,0,0,0,Matches
336,Nicolas Isimat-Mirin\14e8e9d7,fr FRA,DF,Sporting KC,29,1991,10.5,3,0.28,3,0,0,0,0,0,0,0.00,0,0,0,0,0,0,Matches
337,Aljaž Ivačič\4d6e50d8,si SVN,GK,Portland Timbers,27,1993,4.6,0,0.00,0,0,0,0,0,0,0,0.00,0,0,0,0,0,0,Matches
338,Stanislav Ivanov\0cafba94,bg BUL,FW,Chicago Fire,21,1999,5.8,14,2.43,14,0,0,0,0,0,1,0.17,1,0,0,0,0,0,Matches
339,Robin Jansson\8ca5c176,se SWE,DF,Orlando City,29,1991,26.9,16,0.59,14,1,1,0,0,0,1,0.04,1,0,0,0,0,0,Matches
340,Franco Jara\413cce14,ar ARG,FW,FC Dallas,32,1988,14.0,38,2.71,22,1,4,5,4,2,4,0.29,2,0,1,1,0,0,Matches
341,Andres Jasson\31d049b2,us USA,DFFW,NYCFC,19,2002,7.6,12,1.59,5,2,1,1,2,1,3,0.40,1,0,0,1,1,0,Matches
342,Cal Jennings\44f6672a,us USA,FW,Los Angeles FC,23,1997,1.4,2,1.40,0,0,1,1,0,0,0,0.00,0,0,0,0,0,0,Matches
343,Hector Jiménez\2dc1e90e,us USA,DF,Austin FC,32,1988,18.0,49,2.73,44,1,1,0,1,2,3,0.17,2,0,1,0,0,0,Matches
344,Bjørn Johnsen\02ee4c77,no NOR,FW,CF Montréal,29,1991,9.9,24,2.42,21,0,0,1,1,1,0,0.00,0,0,0,0,0,0,Matches
345,Sean Johnson\c164335e,us USA,GK,NYCFC,31,1989,29.0,1,0.03,0,1,0,0,0,0,0,0.00,0,0,0,0,0,0,Matches
346,Alistair Johnston\4fb17e20,ca CAN,DF,Nashville,22,1998,23.8,29,1.22,21,2,2,2,1,1,1,0.04,1,0,0,0,0,0,Matches
347,Ismaila Jome\26f559ba,us USA,DF,Portland Timbers,26,1994,0.1,0,0.00,0,0,0,0,0,0,0,0.00,0,0,0,0,0,0,Matches
348,DeJuan Jones\10d1139c,us USA,DF,New England,23,1997,28.3,73,2.58,58,4,8,1,1,1,7,0.25,6,0,0,0,1,0,Matches
349,Derrick Jones\93c92d6c,us USA,MF,Houston Dynamo,23,1997,12.5,13,1.04,11,1,0,1,0,0,3,0.24,2,0,0,1,0,0,Matches
350,Joevin Jones\fc23d956,tt TRI,DF,Inter Miami,29,1991,5.8,7,1.21,5,0,1,0,1,0,0,0.00,0,0,0,0,0,0,Matches
351,Jony\60665492,ar ARG,MFFW,Real Salt Lake,26,1994,9.9,35,3.54,30,0,1,3,0,1,6,0.61,6,0,0,0,0,0,Matches
352,Dejan Joveljić\95a24690,rs SRB,FW,LA Galaxy,21,1999,8.0,14,1.75,12,0,0,0,2,0,3,0.37,3,0,0,0,0,0,Matches
353,Judson\e1535f82,br BRA,MFDF,San Jose,27,1993,18.4,16,0.87,12,0,0,1,0,3,1,0.05,1,0,0,0,0,0,Matches
354,Anderson Julio\f907a6a8,ec ECU,FWMF,Real Salt Lake,24,1996,11.4,28,2.46,17,0,4,3,4,0,2,0.18,1,0,1,0,0,0,Matches
355,Florian Jungwirth\f179c207,de GER,DFMF,San Jose,32,1989,12.1,8,0.66,8,0,0,0,0,0,2,0.17,2,0,0,0,0,0,Matches
356,Florian Jungwirth\f179c207,de GER,DF,Vancouver,32,1989,12.5,5,0.40,3,0,0,1,0,1,1,0.08,1,0,0,0,0,0,Matches
357,Sam Junqua\91981d97,us USA,DF,Houston Dynamo,24,1996,17.9,18,1.00,15,1,1,1,0,0,1,0.06,1,0,0,0,0,0,Matches
358,Brent Kallman\2b24702b,us USA,DF,Minnesota Utd,30,1990,14.2,5,0.35,4,0,0,1,0,0,0,0.00,0,0,0,0,0,0,Matches
359,Ola Kamara\e134351a,no NOR,FW,D.C. United,31,1989,20.2,48,2.38,39,0,1,4,3,1,7,0.35,3,0,0,2,2,0,Matches
360,Alec Kann\4a8af93c,us USA,GK,Atlanta Utd,30,1990,5.0,1,0.20,1,0,0,0,0,0,0,0.00,0,0,0,0,0,0,Matches
361,Johan Kappelhof\465015a5,nl NED,DFMF,Chicago Fire,30,1990,13.6,8,0.59,7,0,0,0,0,1,0,0.00,0,0,0,0,0,0,Matches
362,Wilfrid Kaptoum\d717630e,cm CMR,MFFW,New England,24,1996,9.9,14,1.41,13,0,0,0,0,1,3,0.30,2,0,0,0,0,1,Matches
363,Mark-Anthony Kaye\36a38acd,ca CAN,MFFW,Colorado Rapids,26,1994,12.2,40,3.29,28,0,4,3,4,1,3,0.25,3,0,0,0,0,0,Matches
364,Mark-Anthony Kaye\36a38acd,ca CAN,MF,Los Angeles FC,26,1994,8.4,19,2.26,14,0,0,0,3,2,1,0.12,1,0,0,0,0,0,Matches
365,Aboubacar Keita\85fbf1e4,us USA,DF,Columbus Crew,20,2000,10.6,3,0.28,2,1,0,0,0,0,0,0.00,0,0,0,0,0,0,Matches
366,Jon Kempin\063adc5e,us USA,GK,D.C. United,27,1993,9.8,0,0.00,0,0,0,0,0,0,0,0.00,0,0,0,0,0,0,Matches
367,Henry Kessler\23c75879,us USA,DF,New England,22,1998,24.9,6,0.24,6,0,0,0,0,0,1,0.04,1,0,0,0,0,0,Matches
368,Logan Ketterer\927c3059,us USA,GK,Portland Timbers,27,1993,3.0,1,0.33,1,0,0,0,0,0,0,0.00,0,0,0,0,0,0,Matches
369,Benjamin Kikanovic\fe11d61b,us USA,FW,San Jose,21,2000,8.9,20,2.26,15,0,2,1,1,1,2,0.23,1,0,1,0,0,0,Matches
370,Gadi Kinda\d4a2f24c,il ISR,MFFW,Sporting KC,26,1994,22.6,81,3.59,56,6,5,3,7,4,15,0.67,12,0,0,1,2,0,Matches
371,Perry Kitchen\19ec49ee,us USA,MF,Columbus Crew,28,1992,2.3,3,1.32,1,0,0,0,0,2,0,0.00,0,0,0,0,0,0,Matches
372,Edward Kizza\2f2c0ab1,ug UGA,FW,New England,22,1998,2.9,3,1.02,2,0,1,0,0,0,1,0.34,1,0,0,0,0,0,Matches
373,Mustafa Kizza\4db20877,ug UGA,DF,CF Montréal,21,1999,7.3,19,2.59,14,1,1,2,0,1,3,0.41,2,1,0,0,0,0,Matches
374,Freddy Kleemann\e068bed0,us USA,DF,Austin FC,21,1999,0.5,0,0.00,0,0,0,0,0,0,0,0.00,0,0,0,0,0,0,Matches
375,Patryk Klimala\0bf3c11c,pl POL,FW,NY Red Bulls,22,1998,23.1,54,2.34,31,0,7,10,4,2,12,0.52,8,0,0,3,0,1,Matches
376,Jonathan Klinsmann\1e29552f,us USA,GK,LA Galaxy,23,1997,3.0,0,0.00,0,0,0,0,0,0,0,0.00,0,0,0,0,0,0,Matches
377,Sacha Kljestan\73682895,us USA,MFFW,LA Galaxy,35,1985,15.6,64,4.11,52,10,0,1,0,1,5,0.32,5,0,0,0,0,0,Matches
378,Brad Knighton\9903a3cb,us USA,GK,New England,35,1985,6.0,2,0.33,0,2,0,0,0,0,0,0.00,0,0,0,0,0,0,Matches
379,Žan Kolmanič\4501fd21,si SVN,DF,Austin FC,20,2000,23.4,64,2.74,39,22,1,0,2,0,4,0.17,3,1,0,0,0,0,Matches
380,Franko Kovačević\dbe0034f,hr CRO,FW,FC Cincinnati,21,1999,0.5,2,4.39,2,0,0,0,0,0,0,0.00,0,0,0,0,0,0,Matches
381,Damir Kreilach\068be155,hr CRO,MFFW,Real Salt Lake,31,1989,31.9,84,2.63,69,0,2,8,4,1,12,0.38,10,0,1,1,0,0,Matches
382,Yuya Kubo\cba16a46,jp JPN,MF,FC Cincinnati,27,1993,26.0,42,1.61,34,2,1,1,2,2,2,0.08,1,0,0,0,1,0,Matches
383,Matt LaGrassa\c9b098db,us USA,MF,Nashville,28,1993,4.1,8,1.94,5,0,1,1,0,1,1,0.24,0,0,0,1,0,0,Matches
384,Foster Langsdorf\48319bb3,us USA,FW,Minnesota Utd,25,1995,0.4,1,2.73,1,0,0,0,0,0,0,0.00,0,0,0,0,0,0,Matches
385,Lassi Lappalainen\bcb2282d,fi FIN,DFFW,CF Montréal,22,1998,6.2,13,2.09,8,1,1,2,0,1,2,0.32,1,0,0,1,0,0,Matches
386,Jesús David Murillo Largacha\68d48a71,co COL,DF,Los Angeles FC,26,1994,30.5,13,0.43,11,1,0,1,0,0,1,0.03,1,0,0,0,0,0,Matches
387,Oliver Larraz\ecdbe767,us USA,MFFW,Colorado Rapids,19,2001,0.3,2,7.50,1,0,1,0,0,0,0,0.00,0,0,0,0,0,0,Matches
388,Richie Laryea\276fdbe4,ca CAN,DFFW,Toronto FC,26,1995,25.5,41,1.61,28,0,4,4,4,1,5,0.20,2,0,1,2,0,0,Matches
389,Ariel Lassiter\bd7b916c,cr CRC,FWMF,Houston Dynamo,26,1994,6.0,11,1.82,6,1,0,2,2,0,0,0.00,0,0,0,0,0,0,Matches
390,Vuk Latinovich\5c0e047a,us USA,DF,NYCFC,23,1997,1.1,0,0.00,0,0,0,0,0,0,0,0.00,0,0,0,0,0,0,Matches
391,Kemar Lawrence\80be3efe,jm JAM,DF,Toronto FC,28,1992,21.3,15,0.70,12,3,0,0,0,0,0,0.00,0,0,0,0,0,0,Matches
392,Randall Leal\874a5031,cr CRC,MFFW,Nashville,24,1997,23.9,76,3.18,57,2,1,5,8,3,13,0.54,12,0,0,1,0,0,Matches
393,Kelvin Leerdam\d8b47705,sr SUR,DF,Inter Miami,30,1990,19.0,25,1.32,20,4,1,0,0,0,1,0.05,1,0,0,0,0,0,Matches
394,Nico Lemoine\8ccbbaf8,us USA,FW,Houston Dynamo,20,2000,0.7,0,0.00,0,0,0,0,0,0,0,0.00,0,0,0,0,0,0,Matches
395,Brooks Lennon\ec80ba72,us USA,DF,Atlanta Utd,23,1997,29.4,95,3.23,70,20,0,2,1,2,7,0.24,6,0,0,0,1,0,Matches
396,Jonathan Lewis\2501eb59,us USA,FWMF,Colorado Rapids,23,1997,14.5,46,3.17,25,0,14,5,1,1,5,0.35,1,0,0,3,1,0,Matches
397,Danny Leyva\ecc3a9c9,us USA,MF,Seattle,17,2003,9.7,15,1.55,10,2,0,1,2,0,2,0.21,1,0,0,0,1,0,Matches
398,Nick Lima\959686eb,us USA,DF,Austin FC,26,1994,22.2,35,1.58,25,4,6,0,0,0,3,0.14,3,0,0,0,0,0,Matches
399,Jaylin Lindsey\83cb6e59,us USA,DF,Sporting KC,20,2000,10.2,16,1.57,14,0,1,0,1,0,3,0.29,3,0,0,0,0,0,Matches
400,Sebastian Lletget\73019c31,us USA,MFFW,LA Galaxy,28,1992,20.3,63,3.10,48,11,1,0,3,0,6,0.30,5,1,0,0,0,0,Matches
401,Jürgen Locadia\6cc47ae1,nl NED,FWMF,FC Cincinnati,27,1993,4.0,18,4.45,8,1,2,4,3,0,0,0.00,0,0,0,0,0,0,Matches
402,Robin Lod\33c69aa0,fi FIN,FW,Minnesota Utd,27,1993,20.1,70,3.48,52,0,10,4,1,3,7,0.35,6,0,1,0,0,0,Matches
403,Nicolás Lodeiro\fe81d0d1,uy URU,MFFW,Seattle,31,1989,5.1,27,5.28,12,10,1,1,3,0,3,0.59,2,0,0,1,0,0,Matches
404,David Loera\0fae98f1,us USA,MF,Orlando City,22,1998,0.2,0,0.00,0,0,0,0,0,0,0,0.00,0,0,0,0,0,0,Matches
405,Aaron Long\46b89640,us USA,DF,NY Red Bulls,28,1992,5.0,4,0.80,3,0,1,0,0,0,0,0.00,0,0,0,0,0,0,Matches
406,Erik López\af793b82,py PAR,FWMF,Atlanta Utd,19,2001,9.7,13,1.35,10,0,1,1,1,0,0,0.00,0,0,0,0,0,0,Matches
407,Lisandro López\bc55bb5a,ar ARG,FW,Atlanta Utd,37,1983,1.6,3,1.93,3,0,0,0,0,0,0,0.00,0,0,0,0,0,0,Matches
408,Marcos López\9b3ab988,pe PER,DF,San Jose,21,1999,15.7,27,1.72,20,2,0,2,3,0,4,0.26,3,1,0,0,0,0,Matches
409,Marvin Loría\71380d87,cr CRC,FWMF,Portland Timbers,23,1997,12.3,34,2.76,23,8,2,0,1,0,7,0.57,7,0,0,0,0,0,Matches
410,Daniel Lovitz\db97d838,us USA,DF,Nashville,29,1991,25.6,75,2.93,44,29,1,0,1,0,9,0.35,8,0,0,0,1,0,Matches
411,Everton Luiz\3799e138,br BRA,MF,Real Salt Lake,32,1988,18.4,23,1.25,16,2,0,1,3,1,2,0.11,2,0,0,0,0,0,Matches
412,Adam Lundqvist\91769a24,se SWE,DF,Houston Dynamo,26,1994,21.6,25,1.16,19,4,0,0,1,1,3,0.14,3,0,0,0,0,0,Matches
413,Larrys Mabiala\5bdec47f,cd COD,DF,Portland Timbers,33,1987,20.4,9,0.44,9,0,0,0,0,0,2,0.10,2,0,0,0,0,0,Matches
414,Aimé Mabika\3a37d349,zm ZAM,DF,Inter Miami,22,1998,2.0,1,0.50,1,0,0,0,0,0,0,0.00,0,0,0,0,0,0,Matches
415,Maciel\a39d51e0,br BRA,MF,New England,21,2000,13.8,22,1.59,20,0,0,0,0,2,0,0.00,0,0,0,0,0,0,Matches
416,Emanuel Maciel\934fdf16,ar ARG,MF,CF Montréal,23,1997,9.8,13,1.33,12,0,0,0,0,1,0,0.00,0,0,0,0,0,0,Matches
417,Zac MacMath\06caac45,us USA,GK,Real Salt Lake,29,1991,6.5,0,0.00,0,0,0,0,0,0,0,0.00,0,0,0,0,0,0,Matches
418,Christian Mafla\f379bc1e,co COL,DF,New England,28,1993,5.7,9,1.57,7,0,1,0,0,1,0,0.00,0,0,0,0,0,0,Matches
419,Talles Magno\64c98878,br BRA,FWMF,NYCFC,18,2002,5.0,17,3.40,13,0,2,0,2,0,2,0.40,1,0,0,0,1,0,Matches
420,Jack Maher\0c6f2fa6,us USA,DF,Nashville,21,1999,17.1,9,0.53,7,0,0,1,0,1,3,0.18,2,0,0,0,0,1,Matches
421,Christian Makoun\7efffe65,ve VEN,DF,Inter Miami,20,2000,22.5,13,0.58,9,0,2,1,1,0,3,0.13,2,0,0,0,1,0,Matches
422,Machop Malual\1701b012,ss SSD,FW,Atlanta Utd,22,1998,4.7,7,1.48,6,1,0,0,0,0,1,0.21,1,0,0,0,0,0,Matches
423,Kekuta Manneh\4d735ad6,us USA,FWMF,Austin FC,26,1994,3.8,12,3.14,10,0,1,0,0,1,0,0.00,0,0,0,0,0,0,Matches
424,J.T. Marcinkowski\977791f4,us USA,GK,San Jose,23,1997,33.0,7,0.21,7,0,0,0,0,0,2,0.06,2,0,0,0,0,0,Matches
425,Marko Marić\b57454c7,hr CRO,GK,Houston Dynamo,25,1996,22.0,1,0.05,0,1,0,0,0,0,0,0.00,0,0,0,0,0,0,Matches
426,Paul Marie\da0bb55a,fr FRA,DF,San Jose,25,1995,11.1,31,2.78,23,1,4,1,2,0,1,0.09,1,0,0,0,0,0,Matches
427,Jahkeele Marshall-Rutty\b9459f85,ca CAN,FWDF,Toronto FC,16,2004,4.7,8,1.69,6,1,0,0,1,0,1,0.21,1,0,0,0,0,0,Matches
428,Nick Marsman\f352799f,nl NED,GK,Inter Miami,30,1990,21.3,1,0.05,0,1,0,0,0,0,0,0.00,0,0,0,0,0,0,Matches
429,Douglas Martinez\3e7ebb9a,hn HON,FW,Real Salt Lake,23,1997,0.6,1,1.64,1,0,0,0,0,0,0,0.00,0,0,0,0,0,0,Matches
430,Josef Martínez\e73f0aa1,ve VEN,FW,Atlanta Utd,27,1993,18.2,41,2.25,33,0,2,4,1,1,2,0.11,1,0,0,0,1,0,Matches
431,Luís Martins\56b7c09b,pt POR,DF,Sporting KC,28,1992,32.8,51,1.55,47,2,1,0,1,0,7,0.21,7,0,0,0,0,0,Matches
432,Emmanuel Más\b9385e1f,ar ARG,DF,Orlando City,32,1989,7.6,13,1.71,12,0,0,0,0,1,1,0.13,1,0,0,0,0,0,Matches
433,Alexandru Mățan\3bd3bcc4,ro ROU,FWMF,Columbus Crew,21,1999,8.9,25,2.81,13,2,2,6,2,0,1,0.11,0,0,0,1,0,0,Matches
434,Rónald Matarrita\491862dd,cr CRC,DF,FC Cincinnati,26,1994,21.8,40,1.83,30,5,1,3,0,1,4,0.18,3,1,0,0,0,0,Matches
435,Blaise Matuidi\c0cddebe,fr FRA,MF,Inter Miami,33,1987,25.4,25,0.99,20,0,0,0,1,4,1,0.04,1,0,0,0,0,0,Matches
436,Jimmy Maurer\ca1c6f3d,us USA,GK,FC Dallas,32,1988,23.7,2,0.08,2,0,0,0,0,0,0,0.00,0,0,0,0,0,0,Matches
437,José Mauri\644faf10,it ITA,MF,Sporting KC,24,1996,6.7,4,0.60,4,0,0,0,0,0,1,0.15,1,0,0,0,0,0,Matches
438,Chris Mavinga\fda36cfb,cd COD,DF,Toronto FC,29,1991,18.6,5,0.27,5,0,0,0,0,0,1,0.05,1,0,0,0,0,0,Matches
439,Olivier Mbaizo\f6315619,cm CMR,DF,Philadelphia,23,1997,27.6,60,2.17,51,4,3,1,0,1,5,0.18,3,1,0,1,0,0,Matches
440,John McCarthy\249362e9,us USA,GK,Inter Miami,28,1992,12.7,0,0.00,0,0,0,0,0,0,0,0.00,0,0,0,0,0,0,Matches
441,Dax McCarty\b74e58c0,us USA,MF,Nashville,33,1987,22.9,42,1.83,39,1,0,1,0,1,3,0.13,3,0,0,0,0,0,Matches
442,Jack McGlynn\e2b8c25c,us USA,MF,Philadelphia,17,2003,7.1,24,3.39,18,5,0,1,0,0,2,0.28,2,0,0,0,0,0,Matches
443,Zac McGraw\83129dc7,us USA,DF,Portland Timbers,23,1997,3.1,1,0.32,1,0,0,0,0,0,0,0.00,0,0,0,0,0,0,Matches
444,Justin McMaster\7256a113,jm JAM,FWMF,Minnesota Utd,21,1999,1.5,7,4.70,5,0,0,0,1,1,1,0.67,1,0,0,0,0,0,Matches
445,Thomas McNamara\ab36595d,us USA,MF,New England,29,1991,21.9,44,2.01,38,2,0,2,1,1,7,0.32,6,0,0,1,0,0,Matches
446,Jesús Medina\7c4628c4,py PAR,FWMF,NYCFC,23,1997,25.0,109,4.35,74,23,4,4,2,2,8,0.32,5,2,0,1,0,0,Matches
447,Álvaro Medrán\31223bcf,es ESP,MF,Chicago Fire,26,1994,25.4,124,4.88,66,40,3,3,10,2,10,0.39,4,3,1,1,1,0,Matches
448,Jimmy Medranda\6f7ac622,co COL,DFMF,Seattle,26,1994,14.4,37,2.58,30,0,3,1,1,2,4,0.28,3,0,1,0,0,0,Matches
449,Haris Medunjanin\de5d5d41,ba BIH,MF,FC Cincinnati,35,1985,17.2,45,2.62,29,15,0,1,0,0,2,0.12,2,0,0,0,0,0,Matches
450,Phelipe Megiolaro\73aaa27d,br BRA,GK,FC Dallas,21,1999,10.3,2,0.19,2,0,0,0,0,0,1,0.10,1,0,0,0,0,0,Matches
451,Tim Melia\cc741f50,us USA,GK,Sporting KC,34,1986,28.0,4,0.14,3,1,0,0,0,0,0,0.00,0,0,0,0,0,0,Matches
452,Jhegson Méndez\db0c5324,ec ECU,MF,Orlando City,23,1997,13.2,15,1.14,14,0,0,0,0,1,0,0.00,0,0,0,0,0,0,Matches
453,Jonathan Mensah\8087e6cb,gh GHA,DF,Columbus Crew,30,1990,28.2,21,0.74,16,0,0,2,2,1,4,0.14,2,0,0,1,1,0,Matches
454,Justin Meram\ae34c71d,iq IRQ,FWMF,Real Salt Lake,32,1988,15.5,46,2.96,32,0,6,4,4,0,10,0.64,6,0,0,2,2,0,Matches
455,Romain Métanire\0fb21da9,mg MAD,DF,Minnesota Utd,30,1990,28.4,70,2.46,63,3,2,0,2,0,4,0.14,4,0,0,0,0,0,Matches
456,Patrick Metcalfe\427e3820,ca CAN,DFMF,Vancouver,22,1998,4.1,2,0.49,2,0,0,0,0,0,0,0.00,0,0,0,0,0,0,Matches
457,Nicolás Mezquida\00b629e1,uy URU,MFFW,Colorado Rapids,29,1992,7.3,23,3.13,14,2,3,2,2,0,3,0.41,2,0,1,0,0,0,Matches
458,Benji Michel\151ca25f,us USA,FWMF,Orlando City,23,1997,20.8,41,1.97,26,0,6,5,4,0,8,0.38,4,0,1,1,2,0,Matches
459,Djordje Mihailovic\83cf9719,us USA,MFFW,CF Montréal,22,1998,31.1,136,4.38,78,34,6,5,9,4,23,0.74,14,5,1,1,1,1,Matches
460,Matko Miljevic\74b76abc,us USA,FWMF,CF Montréal,19,2001,1.6,1,0.64,1,0,0,0,0,0,0,0.00,0,0,0,0,0,0,Matches
461,Eric Miller\c0593f5d,us USA,DF,Nashville,28,1993,11.7,6,0.51,5,1,0,0,0,0,0,0.00,0,0,0,0,0,0,Matches
462,Kamal Miller\0646bd8a,ca CAN,DF,CF Montréal,23,1997,26.4,24,0.91,23,0,1,0,0,0,3,0.11,3,0,0,0,0,0,Matches
463,Tyler Miller\7827a6b3,us USA,GK,Minnesota Utd,27,1993,30.0,4,0.13,3,1,0,0,0,0,0,0.00,0,0,0,0,0,0,Matches
464,Kamohelo Mokotjo\7832f692,za RSA,MF,FC Cincinnati,29,1991,5.1,8,1.56,4,0,0,1,2,1,0,0.00,0,0,0,0,0,0,Matches
465,Kevin Molino\371645ca,tt TRI,FWMF,Columbus Crew,30,1990,6.4,16,2.50,13,0,0,3,0,0,1,0.16,0,0,0,1,0,0,Matches
466,Alex Monis\66db9e72,us USA,FW,Chicago Fire,17,2003,0.2,1,4.74,1,0,0,0,0,0,0,0.00,0,0,0,0,0,0,Matches
467,Jamiro Monteiro\d384bddd,cv CPV,MFFW,Philadelphia,27,1993,25.5,101,3.96,57,27,2,4,8,3,11,0.43,9,1,0,1,0,0,Matches
468,Fredy Montero\bc5b5be5,co COL,FWMF,Seattle,33,1987,16.4,50,3.05,35,1,4,4,4,2,7,0.43,6,0,0,0,1,0,Matches
469,Lucas Monzón\312755e2,uy URU,DF,NY Red Bulls,19,2001,0.3,0,0.00,0,0,0,0,0,0,0,0.00,0,0,0,0,0,0,Matches
470,Kim Moon-Hwan\6bce7dd8,kr KOR,DF,Los Angeles FC,25,1995,19.8,44,2.22,30,8,4,2,0,0,5,0.25,3,0,1,1,0,0,Matches
471,Drew Moor\220cf869,us USA,DF,Colorado Rapids,37,1984,3.4,0,0.00,0,0,0,0,0,0,0,0.00,0,0,0,0,0,0,Matches
472,Felipe Mora\f4b0ea46,cl CHI,FW,Portland Timbers,27,1993,22.5,60,2.67,44,0,2,6,5,3,11,0.49,5,0,1,2,2,1,Matches
473,Joseph Mora\2af71023,cr CRC,DF,D.C. United,28,1993,17.0,19,1.12,14,3,0,2,0,0,0,0.00,0,0,0,0,0,0,Matches
474,Alfredo Morales\ff45add5,us USA,MFDF,NYCFC,30,1990,19.8,26,1.31,20,0,1,3,1,1,4,0.20,2,0,0,2,0,0,Matches
475,Maximiliano Moralez\f99f37fc,ar ARG,MFFW,NYCFC,33,1987,26.5,143,5.40,88,34,3,9,7,2,16,0.60,12,1,0,3,0,0,Matches
476,Steven Moreira\f10983ae,fr FRA,DF,Columbus Crew,26,1994,5.8,19,3.25,17,0,0,0,0,2,2,0.34,2,0,0,0,0,0,Matches
477,Junior Moreno\5dcb4ac4,ve VEN,MF,D.C. United,27,1993,23.8,34,1.43,31,1,0,0,1,1,7,0.29,6,0,0,0,0,1,Matches
478,Marcelino Moreno\058c938c,ar ARG,MFFW,Atlanta Utd,26,1994,28.7,143,4.98,91,16,14,5,16,1,19,0.66,9,1,5,0,4,0,Matches
479,Santiago Moreno\3261d0e4,co COL,FWMF,Portland Timbers,20,2000,3.9,22,5.58,17,0,4,1,0,0,4,1.01,4,0,0,0,0,0,Matches
480,Ashtone Morgan\caece619,ca CAN,DF,Real Salt Lake,29,1991,4.2,3,0.72,2,1,0,0,0,0,1,0.24,1,0,0,0,0,0,Matches
481,Lewis Morgan\b675e328,sct SCO,FWDF,Inter Miami,24,1996,31.3,97,3.10,51,30,5,2,8,1,6,0.19,3,0,1,0,2,0,Matches
482,Jordan Morris\bd298d0d,us USA,FWMF,Seattle,26,1994,0.8,2,2.37,1,0,0,0,0,1,0,0.00,0,0,0,0,0,0,Matches
483,Justin Morrow\0bee5512,us USA,DF,Toronto FC,33,1987,10.9,5,0.46,5,0,0,0,0,0,1,0.09,1,0,0,0,0,0,Matches
484,Kyle Morton\3f394ec5,us USA,GK,Houston Dynamo,26,1994,1.0,0,0.00,0,0,0,0,0,0,0,0.00,0,0,0,0,0,0,Matches
485,João Moutinho\a0aee24e,pt POR,DF,Orlando City,23,1998,14.4,23,1.60,20,1,0,1,1,0,1,0.07,1,0,0,0,0,0,Matches
486,Chris Mueller\a5334099,us USA,FWMF,Orlando City,24,1996,18.2,58,3.18,42,6,2,3,3,2,8,0.44,6,1,0,1,0,0,Matches
487,Hany Mukhtar\87fe8526,de GER,FWMF,Nashville,25,1995,27.7,134,4.83,62,37,10,7,17,1,23,0.83,9,7,2,3,2,0,Matches
488,Patrick Mullins\a03a84d3,us USA,FWMF,Toronto FC,28,1992,8.9,14,1.57,10,0,1,2,1,0,2,0.22,2,0,0,0,0,0,Matches
489,Jake Mulraney\0f04858e,ie IRL,FWDF,Atlanta Utd,24,1996,12.5,44,3.51,23,6,8,1,5,1,6,0.48,3,1,1,1,0,0,Matches
490,Eddie Munjoma\0e1f6ffa,us USA,DF,FC Dallas,22,1998,5.2,15,2.91,12,0,0,1,0,2,2,0.39,1,0,0,0,0,1,Matches
491,Daniel Musovski\925a2703,us USA,FWMF,Los Angeles FC,25,1995,7.9,17,2.14,11,0,0,1,4,1,4,0.50,3,0,0,0,1,0,Matches
492,Alex Muyl\2c1025bf,us USA,MFFW,Nashville,25,1995,17.1,37,2.16,26,0,3,1,3,4,2,0.12,1,0,0,0,1,0,Matches
493,Darlington Nagbe\6219c704,us USA,MF,Columbus Crew,30,1990,32.3,71,2.20,55,0,6,2,4,4,10,0.31,6,0,2,0,1,1,Matches
494,Andy Najar\f8280175,hn HON,DF,D.C. United,27,1993,21.3,48,2.26,35,2,4,1,5,1,9,0.42,4,0,0,0,4,1,Matches
495,Younes Namli\1a672e2d,dk DEN,MFFW,Colorado Rapids,26,1994,5.9,26,4.39,20,0,4,1,1,0,2,0.34,1,0,0,0,1,0,Matches
496,Nani\15e9c7e6,pt POR,FWMF,Orlando City,34,1986,20.3,72,3.54,47,18,2,4,1,0,9,0.44,5,2,1,0,1,0,Matches
497,Federico Navarro\61c628be,ar ARG,MF,Chicago Fire,20,2000,10.8,17,1.58,17,0,0,0,0,0,1,0.09,1,0,0,0,0,0,Matches
498,Miguel Navarro\3fbff39a,ve VEN,DF,Chicago Fire,21,1999,24.7,56,2.27,39,5,1,1,10,0,3,0.12,2,0,0,0,1,0,Matches
499,Dylan Nealis\24f4dd87,us USA,DF,Nashville,22,1998,1.7,5,3.00,5,0,0,0,0,0,1,0.60,1,0,0,0,0,0,Matches
500,Sean Nealis\8c1b17b3,us USA,DF,NY Red Bulls,24,1997,27.0,11,0.41,9,1,0,1,0,0,2,0.07,1,1,0,0,0,0,Matches
501,Jayden Nelson\92305a81,ca CAN,FWMF,Toronto FC,18,2002,2.8,3,1.08,2,0,0,0,1,0,1,0.36,1,0,0,0,0,0,Matches
502,John Nelson\df8c4d49,us USA,DF,FC Dallas,22,1998,6.2,8,1.30,6,0,1,0,1,0,0,0.00,0,0,0,0,0,0,Matches
503,Michael Nelson\f4a12161,us USA,GK,Houston Dynamo,25,1995,11.0,1,0.09,1,0,0,0,0,0,0,0.00,0,0,0,0,0,0,Matches
504,Jake Nerwinski\2b5801d0,us USA,DF,Vancouver,26,1994,19.1,9,0.47,5,3,0,0,1,0,0,0.00,0,0,0,0,0,0,Matches
505,Michee Ngalina\9837830f,cd COD,FW,Los Angeles FC,20,2000,0.6,3,5.19,3,0,0,0,0,0,0,0.00,0,0,0,0,0,0,Matches
506,Jarosław Niezgoda\60c659b6,pl POL,FW,Portland Timbers,25,1995,2.9,10,3.50,8,0,0,2,0,0,3,1.05,2,0,0,1,0,0,Matches
507,Chinonso Nnamdi Offor\dc590664,ng NGA,FW,Chicago Fire,20,2000,14.7,34,2.32,20,0,7,4,3,0,3,0.20,3,0,0,0,0,0,Matches
508,Moses Nyeman\09d33255,us USA,MF,D.C. United,17,2003,8.9,19,2.13,18,0,0,0,0,1,3,0.34,3,0,0,0,0,0,Matches
509,Shane O'Neill\a62a56b4,us USA,DF,Seattle,27,1993,20.6,7,0.34,5,0,0,1,0,1,0,0.00,0,0,0,0,0,0,Matches
510,Jáder Obrian\1471b2a8,co COL,FW,FC Dallas,25,1995,24.2,60,2.48,46,0,3,4,5,2,8,0.33,5,0,1,0,1,1,Matches
511,David Ochoa\dba6b279,us USA,GK,Real Salt Lake,20,2001,25.0,1,0.04,1,0,0,0,0,0,0,0.00,0,0,0,0,0,0,Matches
512,Chris Odoi-Atsem\375ec69e,us USA,DF,D.C. United,25,1995,4.2,5,1.20,4,0,0,1,0,0,0,0.00,0,0,0,0,0,0,Matches
513,Noble Okello\6bc16162,ca CAN,MF,Toronto FC,20,2000,9.5,9,0.95,8,0,0,1,0,0,0,0.00,0,0,0,0,0,0,Matches
514,Wyatt Omsberg\cd44ba68,us USA,DF,Chicago Fire,25,1995,8.4,8,0.95,6,0,0,1,0,1,0,0.00,0,0,0,0,0,0,Matches
515,Kwadwo Opoku\226a288e,gh GHA,FW,Los Angeles FC,19,2001,2.8,6,2.16,4,0,1,0,1,0,2,0.72,1,0,0,0,1,0,Matches
516,Arquimides Ordonez\8941d9b2,us USA,FWDF,FC Cincinnati,17,2003,0.4,2,4.50,1,0,1,0,0,0,0,0.00,0,0,0,0,0,0,Matches
517,Jonathan Osorio\70106ff6,ca CAN,MFFW,Toronto FC,28,1992,18.3,50,2.73,44,2,3,0,1,0,3,0.16,3,0,0,0,0,0,Matches
518,Leonard Owusu\a06c6c8a,gh GHA,MF,Vancouver,23,1997,11.8,14,1.19,10,1,0,2,1,0,1,0.08,0,0,0,1,0,0,Matches
519,Diego Palacios\6ec37f2e,ec ECU,DFMF,Los Angeles FC,21,1999,19.5,51,2.61,38,2,4,4,2,1,4,0.21,3,0,0,1,0,0,Matches
520,James Pantemis\901408ac,ca CAN,GK,CF Montréal,23,1997,18.0,1,0.06,0,1,0,0,0,0,0,0.00,0,0,0,0,0,0,Matches
521,Cristhian Paredes\0d8a2551,py PAR,MF,Portland Timbers,22,1998,13.2,25,1.90,18,0,1,3,1,2,2,0.15,1,0,0,1,0,0,Matches
522,Kevin Paredes\5c50fdbc,us USA,DFFW,D.C. United,17,2003,17.1,42,2.45,28,0,3,2,6,3,6,0.35,3,0,0,1,2,0,Matches
523,Isaiah Parente\6dbc74d6,us USA,MFFW,Columbus Crew,20,2000,2.4,4,1.69,4,0,0,0,0,0,0,0.00,0,0,0,0,0,0,Matches
524,Tim Parker\4988a44d,us USA,DF,Houston Dynamo,27,1993,34.0,12,0.35,10,1,0,0,1,0,1,0.03,0,0,0,0,1,0,Matches
525,Keaton Parks\77986763,us USA,MF,NYCFC,23,1997,27.1,64,2.36,53,0,0,7,0,4,4,0.15,4,0,0,0,0,0,Matches
526,Tyler Pasher\3a7bec1b,ca CAN,FW,Houston Dynamo,26,1994,9.4,31,3.29,18,9,2,2,0,0,2,0.21,2,0,0,0,0,0,Matches
527,Alexandre Pato\7dd83c7d,br BRA,FWMF,Orlando City,31,1989,1.2,1,0.84,0,0,0,0,1,0,0,0.00,0,0,0,0,0,0,Matches
528,João Paulo Mior\b96aa1d6,br BRA,MF,Seattle,29,1991,28.2,113,4.01,51,51,4,4,2,1,14,0.50,5,7,2,0,0,0,Matches
529,Jason Pendant\22fe9049,fr FRA,DF,NY Red Bulls,23,1997,0.1,0,0.00,0,0,0,0,0,0,0,0.00,0,0,0,0,0,0,Matches
530,Joshua Penn\29c8decb,us USA,FW,Inter Miami,20,2000,0.2,2,9.00,1,0,0,0,1,0,0,0.00,0,0,0,0,0,0,Matches
531,Ricardo Pepi\a2b1ed42,us USA,FW,FC Dallas,18,2003,23.2,61,2.62,42,0,6,9,2,2,7,0.30,3,0,2,1,1,0,Matches
532,Andrés Perea\7e1dbecf,us USA,MFFW,Orlando City,20,2000,19.3,31,1.61,29,1,0,1,0,0,2,0.10,2,0,0,0,0,0,Matches
533,Daniel Pereira\b8862e65,ve VEN,MF,Austin FC,20,2000,17.3,43,2.49,31,1,2,3,5,1,1,0.06,1,0,0,0,0,0,Matches
534,Mauricio Pereyra\f45eb18d,uy URU,MF,Orlando City,30,1990,24.0,101,4.21,69,23,1,3,3,2,11,0.46,10,1,0,0,0,0,Matches
535,Adrien Perez\298a167b,us USA,FWMF,D.C. United,25,1995,9.7,34,3.52,20,1,8,2,3,0,2,0.21,2,0,0,0,0,0,Matches
536,Jonathan Perez\41e57408,us USA,FWDF,LA Galaxy,18,2003,0.2,0,0.00,0,0,0,0,0,0,0,0.00,0,0,0,0,0,0,Matches
537,Manny Perez\27162b95,us USA,FWMF,Austin FC,21,1999,4.2,3,0.72,2,0,1,0,0,0,0,0.00,0,0,0,0,0,0,Matches
538,Jordan Perruzza\edc8791f,ca CAN,FW,Toronto FC,20,2001,1.6,1,0.64,0,0,1,0,0,0,0,0.00,0,0,0,0,0,0,Matches
539,Tom Pettersson\c1268aa3,se SWE,DF,FC Cincinnati,30,1990,4.0,1,0.25,0,0,0,1,0,0,0,0.00,0,0,0,0,0,0,Matches
540,Fafà Picault\dbaa10c0,us USA,FWMF,Houston Dynamo,29,1991,27.3,52,1.90,36,0,7,2,6,1,10,0.37,6,0,2,0,1,1,Matches
541,Samuel Piette\bc33c73b,ca CAN,MF,CF Montréal,26,1994,19.0,33,1.73,27,0,1,2,1,2,5,0.26,5,0,0,0,0,0,Matches
542,Mauricio Pineda\e0c17cde,us USA,DFMF,Chicago Fire,23,1997,26.7,20,0.75,16,0,0,2,0,2,2,0.07,1,0,0,1,0,0,Matches
543,Rodrigo Piñeiro\d2a78b5e,uy URU,MF,Nashville,21,1999,0.1,0,0.00,0,0,0,0,0,0,0,0.00,0,0,0,0,0,0,Matches
544,Donovan Pines\7bd25363,us USA,DF,D.C. United,22,1998,15.4,10,0.65,7,0,1,1,0,1,0,0.00,0,0,0,0,0,0,Matches
545,Rodolfo Pizarro\4b49ed54,mx MEX,FWMF,Inter Miami,26,1994,18.8,47,2.50,41,1,2,0,3,0,8,0.43,6,0,1,0,1,0,Matches
546,Tomas Pochettino\fb36aa6b,ar ARG,MFFW,Austin FC,24,1996,24.7,63,2.55,45,3,6,3,1,5,3,0.12,3,0,0,0,0,0,Matches
547,Andy Polo\d886b9b9,pe PER,FWMF,Portland Timbers,26,1994,2.0,5,2.45,4,1,0,0,0,0,0,0.00,0,0,0,0,0,0,Matches
548,Matt Polster\d1d418f8,us USA,MF,New England,27,1993,25.3,40,1.58,35,1,2,0,1,1,4,0.16,4,0,0,0,0,0,Matches
549,Paxton Pomykal\c1f0fb45,us USA,FWMF,FC Dallas,21,1999,16.8,41,2.43,30,1,4,1,3,2,2,0.12,2,0,0,0,0,0,Matches
550,Justin Portillo\b7aa9657,us USA,MF,Real Salt Lake,28,1992,0.2,0,0.00,0,0,0,0,0,0,0,0.00,0,0,0,0,0,0,Matches
551,Noah Powder\503561e4,tt TRI,DF,Real Salt Lake,22,1998,3.2,7,2.22,7,0,0,0,0,0,0,0.00,0,0,0,0,0,0,Matches
552,Alvas Powell\2f91124d,jm JAM,DF,Philadelphia,26,1994,3.4,8,2.32,3,0,3,0,1,1,0,0.00,0,0,0,0,0,0,Matches
553,Alejandro Pozuelo\5e1280ff,es ESP,MFFW,Toronto FC,29,1991,15.0,62,4.14,52,4,3,1,1,1,6,0.40,5,0,1,0,0,0,Matches
554,Jack Price\6217c92d,eng ENG,MF,Colorado Rapids,28,1992,28.1,91,3.24,44,45,0,0,0,2,13,0.46,5,8,0,0,0,0,Matches
555,Ralph Priso-Mbongue\acb3e899,ca CAN,MF,Toronto FC,18,2002,6.3,7,1.11,7,0,0,0,0,0,2,0.32,2,0,0,0,0,0,Matches
556,Kacper Przybyłko\4c53a714,pl POL,FW,Philadelphia,27,1993,29.5,60,2.04,47,0,7,3,2,1,5,0.17,4,0,0,1,0,0,Matches
557,Alan Pulido\b3085df7,mx MEX,FW,Sporting KC,29,1991,16.1,65,4.04,43,0,6,5,8,3,6,0.37,4,0,0,0,1,1,Matches
558,John Pulskamp\6b306c92,us USA,GK,Sporting KC,19,2001,6.0,0,0.00,0,0,0,0,0,0,0,0.00,0,0,0,0,0,0,Matches
559,Roberto Punčec\a97afc61,hr CRO,DF,Sporting KC,29,1991,1.4,2,1.38,2,0,0,0,0,0,0,0.00,0,0,0,0,0,0,Matches
560,Andrew Putna\5ba8a3f3,us USA,GK,Real Salt Lake,26,1994,2.5,0,0.00,0,0,0,0,0,0,0,0.00,0,0,0,0,0,0,Matches
561,Álvaro Quezada\621a4365,us USA,DF,Los Angeles FC,21,1999,0.2,2,8.18,2,0,0,0,0,0,0,0.00,0,0,0,0,0,0,Matches
562,Facundo Quignon\5b33b84c,ar ARG,MF,FC Dallas,27,1993,14.8,19,1.28,19,0,0,0,0,0,0,0.00,0,0,0,0,0,0,Matches
563,Darwin Quintero\0cc00553,co COL,MFFW,Houston Dynamo,33,1987,11.3,77,6.80,45,16,7,4,4,1,7,0.62,2,1,2,1,1,0,Matches
564,Romell Quioto\122e850d,hn HON,FW,CF Montréal,29,1991,13.7,41,3.00,28,0,8,3,2,0,10,0.73,7,0,3,0,0,0,Matches
565,Kaveh Rad\ec7cb356,us USA,DF,Sporting KC,19,2001,2.7,2,0.73,2,0,0,0,0,0,0,0.00,0,0,0,0,0,0,Matches
566,Jukka Raitala\67b054d1,fi FIN,DF,Minnesota Utd,32,1988,6.0,2,0.33,2,0,0,0,0,0,0,0.00,0,0,0,0,0,0,Matches
567,Christian Ramirez\316d5521,us USA,FW,Houston Dynamo,29,1991,1.0,2,1.98,1,0,0,1,0,0,0,0.00,0,0,0,0,0,0,Matches
568,Ryan Raposo\f006a9b3,ca CAN,MFFW,Vancouver,21,1999,4.2,18,4.25,9,3,1,5,0,0,1,0.24,1,0,0,0,0,0,Matches
569,Rayan Raveloson\fb3236a7,mg MAD,MFDF,LA Galaxy,24,1997,21.4,35,1.63,28,0,0,2,3,2,2,0.09,2,0,0,0,0,0,Matches
570,Matthew Real\1c2c030a,us USA,DFMF,Philadelphia,21,1999,1.7,0,0.00,0,0,0,0,0,0,0,0.00,0,0,0,0,0,0,Matches
571,Rodney Redes\426c3982,py PAR,FWMF,Austin FC,20,2000,8.0,16,2.00,8,2,1,3,2,0,1,0.12,1,0,0,0,0,0,Matches
572,Eric Remedi\38e2cbd6,ar ARG,MF,San Jose,25,1995,26.2,40,1.53,30,4,0,1,4,1,5,0.19,3,1,0,1,0,0,Matches
573,Justin Rennicks\0aaa1c04,us USA,FW,New England,21,1999,0.0,0,0.00,0,0,0,0,0,0,0,0.00,0,0,0,0,0,0,Matches
574,Andrés Reyes\36ab14f5,co COL,DF,NY Red Bulls,21,1999,15.7,10,0.64,6,0,0,3,1,0,1,0.06,0,0,0,1,0,0,Matches
575,Yordy Reyna\eec316d9,pe PER,FWMF,D.C. United,27,1993,10.5,36,3.44,22,3,2,3,4,2,5,0.48,1,0,0,0,3,1,Matches
576,Emanuel Reynoso\614b26e3,ar ARG,MFFW,Minnesota Utd,25,1995,26.5,182,6.88,104,38,16,4,16,4,16,0.60,11,1,0,2,1,1,Matches
577,Andrés Ricaurte\4db5b8cb,co COL,MF,FC Dallas,29,1991,10.9,52,4.76,39,7,2,2,2,0,6,0.55,5,0,0,1,0,0,Matches
578,Spencer Richey\d9178ea2,us USA,GK,Seattle,28,1992,2.0,0,0.00,0,0,0,0,0,0,0,0.00,0,0,0,0,0,0,Matches
579,Tosaint Ricketts\54769358,ca CAN,FW,Vancouver,33,1987,2.1,4,1.95,3,0,0,0,0,1,0,0.00,0,0,0,0,0,0,Matches
580,Alexander Ring\6c1221d6,fi FIN,MF,Austin FC,29,1991,30.0,59,1.97,50,2,0,3,2,2,3,0.10,3,0,0,0,0,0,Matches
581,Andrés Ríos\f825bd33,ar ARG,FWMF,San Jose,31,1989,10.7,27,2.53,22,1,0,4,0,0,1,0.09,1,0,0,0,0,0,Matches
582,Damien Rivera\2822f3dd,us USA,MF,New England,18,2002,0.3,0,0.00,0,0,0,0,0,0,0,0.00,0,0,0,0,0,0,Matches
583,Nigel Robertha\a94bad97,nl NED,FWMF,D.C. United,22,1998,10.5,25,2.39,14,0,3,5,2,1,3,0.29,2,0,0,1,0,0,Matches
584,Miles Robinson\782a95d9,us USA,DF,Atlanta Utd,23,1997,25.5,17,0.67,16,0,0,0,0,1,3,0.12,3,0,0,0,0,0,Matches
585,Robbie Robinson\e0dae99f,us USA,FWMF,Inter Miami,22,1998,15.2,34,2.24,20,0,2,5,7,0,3,0.20,1,0,1,1,0,0,Matches
586,Tony Rocha\85538cdd,bz BLZ,MFFW,NYCFC,27,1993,0.3,2,6.43,1,0,0,1,0,0,0,0.00,0,0,0,0,0,0,Matches
587,Brian Rodríguez\c86041d7,uy URU,FWMF,Los Angeles FC,20,2000,11.3,54,4.77,33,6,6,2,6,1,9,0.79,3,0,3,0,2,1,Matches
588,Memo Rodriguez\fc6c6b2b,us USA,MFFW,Houston Dynamo,25,1995,17.4,66,3.80,42,13,6,5,0,0,3,0.17,1,1,1,0,0,0,Matches
589,Santiago Rodríguez\86dff811,uy URU,FWMF,NYCFC,21,2000,10.9,40,3.65,32,4,2,1,0,1,3,0.27,3,0,0,0,0,0,Matches
590,Alex Roldan\1255a82a,sv SLV,DF,Seattle,24,1996,25.2,45,1.78,39,1,0,1,3,1,3,0.12,3,0,0,0,0,0,Matches
591,Cristian Roldan\48875649,us USA,MFFW,Seattle,25,1995,26.2,77,2.94,55,0,3,6,11,2,10,0.38,5,0,0,3,2,0,Matches
592,Jhohan Romaña\4e32c2d6,co COL,DF,Austin FC,22,1998,20.0,14,0.70,12,0,1,1,0,0,0,0.00,0,0,0,0,0,0,Matches
593,Tomas Romero\3349dcba,sv SLV,GK,Los Angeles FC,20,2000,18.0,1,0.06,1,0,0,0,0,0,0,0.00,0,0,0,0,0,0,Matches
594,David Romney\b7b6e781,us USA,DF,Nashville,27,1993,33.0,23,0.70,14,5,0,3,0,1,2,0.06,1,1,0,0,0,0,Matches
595,Eloy Room\6b33d86b,cw CUW,GK,Columbus Crew,31,1989,30.0,3,0.10,3,0,0,0,0,0,0,0.00,0,0,0,0,0,0,Matches
596,Joseph Rosales\6a29d06b,hn HON,MFFW,Minnesota Utd,20,2000,1.2,2,1.61,0,1,0,0,0,1,0,0.00,0,0,0,0,0,0,Matches
597,Andy Rose\a16d3560,au AUS,DF,Vancouver,30,1990,18.3,6,0.33,4,0,1,1,0,0,3,0.16,2,0,0,1,0,0,Matches
598,Oriol Rosell\2a17ef3e,es ESP,MF,Orlando City,28,1992,5.7,6,1.05,6,0,0,0,0,0,1,0.18,1,0,0,0,0,0,Matches
599,Keegan Rosenberry\f940c69e,us USA,DF,Colorado Rapids,27,1993,29.6,40,1.35,34,3,0,3,0,0,3,0.10,3,0,0,0,0,0,Matches
600,Matheus Rossetto\daf8c775,br BRA,MF,Atlanta Utd,24,1996,15.6,22,1.41,22,0,0,0,0,0,2,0.13,2,0,0,0,0,0,Matches
601,Diego Rossi\a81dba8c,uy URU,FW,Los Angeles FC,22,1998,18.4,43,2.34,29,0,8,5,1,0,2,0.11,2,0,0,0,0,0,Matches
602,Kelyn Rowe\cf928adb,us USA,MFDF,Seattle,29,1991,24.5,59,2.41,44,6,3,3,0,3,3,0.12,2,1,0,0,0,0,Matches
603,Daniel Royer\a92a4407,at AUT,FWMF,NY Red Bulls,30,1990,5.5,15,2.74,11,0,0,2,2,0,2,0.37,1,0,0,1,0,0,Matches
604,Ruan\f2665f7c,br BRA,DF,Orlando City,25,1995,20.9,48,2.29,41,0,1,3,3,0,8,0.38,7,0,0,1,0,0,Matches
605,Rubio Rubin\9bad7100,us USA,FW,Real Salt Lake,24,1996,24.8,58,2.34,41,0,4,8,5,0,8,0.32,7,0,0,0,1,0,Matches
606,Diego Rubio\3f082234,cl CHI,FWMF,Colorado Rapids,27,1993,18.4,51,2.77,45,0,1,3,2,0,9,0.49,7,0,1,1,0,0,Matches
607,Raúl Ruidíaz\7a4296e1,pe PER,FW,Seattle,30,1990,23.9,50,2.10,33,0,4,8,4,1,9,0.38,3,0,0,4,2,0,Matches
608,Pablo Ruíz\7368cd70,ar ARG,MF,Real Salt Lake,22,1998,22.8,53,2.32,49,2,1,0,1,0,4,0.18,3,1,0,0,0,0,Matches
609,Albert Rusnák\0adeafaa,sk SVK,MFFW,Real Salt Lake,26,1994,33.8,149,4.41,80,57,3,4,4,1,16,0.47,12,3,0,0,0,1,Matches
610,Johnny Russell\a30e1562,sct SCO,FW,Sporting KC,30,1990,24.7,86,3.48,50,13,8,5,7,3,13,0.53,6,1,1,3,2,0,Matches
611,Shea Salinas\4c10838d,us USA,DFFW,San Jose,34,1986,15.5,45,2.90,31,3,5,2,4,0,3,0.19,2,0,0,0,1,0,Matches
612,Dániel Sallói\6fcddf5f,hu HUN,FW,Sporting KC,24,1996,27.3,88,3.23,66,1,7,7,5,2,14,0.51,9,0,1,3,1,0,Matches
613,Ilie Sánchez\72979f65,es ESP,DFMF,Sporting KC,30,1990,27.9,26,0.93,24,0,0,1,0,1,1,0.04,1,0,0,0,0,0,Matches
614,James Sands\dccd127f,us USA,DFMF,NYCFC,20,2000,25.1,20,0.80,19,1,0,0,0,0,1,0.04,1,0,0,0,0,0,Matches
615,Sergio Santos Gomes\a930b263,br BRA,FWMF,Philadelphia,26,1994,15.1,41,2.71,25,0,5,3,6,2,6,0.40,1,0,1,0,4,0,Matches
616,Pedro Santos\789da0f2,pt POR,FWDF,Columbus Crew,32,1988,28.4,68,2.40,50,0,4,5,8,1,11,0.39,6,0,1,2,2,0,Matches
617,C.J. Sapong\ef4e4c5d,us USA,FW,Nashville,32,1988,24.5,75,3.06,51,0,4,8,8,4,11,0.45,8,0,0,1,1,1,Matches
618,Rodrigo Schlegel\5bb02df4,ar ARG,DF,Orlando City,23,1997,17.5,4,0.23,4,0,0,0,0,0,0,0.00,0,0,0,0,0,0,Matches
619,Szabolcs Schön\d5ff481a,hu HUN,FW,FC Dallas,20,2000,10.6,22,2.08,13,1,5,3,0,0,8,0.76,6,0,0,2,0,0,Matches
620,Kyle Scott\1c24aacf,eng ENG,MF,FC Cincinnati,23,1997,1.0,5,4.89,4,0,1,0,0,0,0,0.00,0,0,0,0,0,0,Matches
621,Dante Sealy\620ae69c,us USA,FWMF,FC Dallas,17,2003,0.8,1,1.32,1,0,0,0,0,0,0,0.00,0,0,0,0,0,0,Matches
622,Eddie Segura\c70e3fe0,co COL,DF,Los Angeles FC,23,1997,14.3,5,0.35,5,0,0,0,0,0,2,0.14,2,0,0,0,0,0,Matches
623,Chris Seitz\8b388dd5,us USA,GK,D.C. United,33,1987,4.0,0,0.00,0,0,0,0,0,0,0,0.00,0,0,0,0,0,0,Matches
624,Amar Sejdic\43ca2019,us USA,MF,Atlanta Utd,24,1996,4.7,9,1.90,8,0,1,0,0,0,0,0.00,0,0,0,0,0,0,Matches
625,Amar Sejdic\43ca2019,us USA,MF,CF Montréal,24,1996,4.3,9,2.09,6,1,0,0,0,2,0,0.00,0,0,0,0,0,0,Matches
626,Boris Sekulić\adf26bd4,sk SVK,DF,Chicago Fire,29,1991,25.6,66,2.57,59,3,2,0,1,1,4,0.16,3,0,0,0,1,0,Matches
627,Brandon Servania\4d825a2d,us USA,MF,FC Dallas,21,1999,10.5,14,1.34,12,0,0,1,0,1,0,0.00,0,0,0,0,0,0,Matches
628,Jacob Shaffelburg\339a2561,ca CAN,FWMF,Toronto FC,21,1999,11.0,31,2.81,27,0,2,1,1,0,5,0.45,3,0,1,0,1,0,Matches
629,Ryan Shawcross\285a3d44,eng ENG,DF,Inter Miami,33,1987,9.1,1,0.11,1,0,0,0,0,0,0,0.00,0,0,0,0,0,0,Matches
630,Brek Shea\adb6ae24,us USA,DFFW,Inter Miami,30,1990,18.6,13,0.70,10,0,0,2,0,1,2,0.11,2,0,0,0,0,0,Matches
631,Khiry Shelton\f935709c,us USA,FW,Sporting KC,27,1993,24.8,57,2.30,42,1,3,3,8,0,15,0.61,11,0,1,0,3,0,Matches
632,Andre Shinyashiki\8c395868,br BRA,FWMF,Colorado Rapids,25,1995,15.9,46,2.90,33,1,5,5,0,2,4,0.25,3,0,0,1,0,0,Matches
633,Bobby Shuttleworth\4598ac94,us USA,GK,Chicago Fire,33,1987,23.0,0,0.00,0,0,0,0,0,0,0,0.00,0,0,0,0,0,0,Matches
634,Marcelo Silva\b9596515,uy URU,DF,Real Salt Lake,31,1989,19.0,2,0.11,2,0,0,0,0,0,0,0.00,0,0,0,0,0,0,Matches
635,Luke Singh\9ae196a0,tt TRI,DF,Toronto FC,20,2000,5.0,0,0.00,0,0,0,0,0,0,0,0.00,0,0,0,0,0,0,Matches
636,Pablo Sisniega\550557e1,mx MEX,GK,Los Angeles FC,25,1995,8.0,1,0.12,1,0,0,0,0,0,0,0.00,0,0,0,0,0,0,Matches
637,Jack Skahan\9c07bdc7,us USA,MFDF,San Jose,22,1998,2.8,8,2.82,8,0,0,0,0,0,0,0.00,0,0,0,0,0,0,Matches
638,Drew Skundrich\51f50135,us USA,MFFW,D.C. United,25,1995,12.8,34,2.66,30,0,0,2,1,1,2,0.16,2,0,0,0,0,0,Matches
639,Gabriel Slonina\c55a846e,us USA,GK,Chicago Fire,16,2004,11.0,1,0.09,1,0,0,0,0,0,0,0.00,0,0,0,0,0,0,Matches
640,Brad Smith\c76c717c,au AUS,DF,Seattle,26,1994,18.1,28,1.55,25,0,1,2,0,0,5,0.28,4,0,0,1,0,0,Matches
641,Kimarni Smith\bbbb244b,eng ENG,FW,D.C. United,22,1998,1.1,0,0.00,0,0,0,0,0,0,0,0.00,0,0,0,0,0,0,Matches
642,Kyle Smith\9e6b2ec3,us USA,DF,Orlando City,29,1992,19.9,29,1.46,25,1,1,1,0,1,4,0.20,4,0,0,0,0,0,Matches
643,Erik Sorga\02ba67a2,ee EST,FW,D.C. United,21,1999,2.8,9,3.25,6,0,1,1,1,0,0,0.00,0,0,0,0,0,0,Matches
644,Santiago Sosa\f080dd22,ar ARG,MFDF,Atlanta Utd,21,1999,24.4,36,1.48,31,2,0,2,0,1,0,0.00,0,0,0,0,0,0,Matches
645,Yeferson Soteldo\bbb6c951,ve VEN,FW,Toronto FC,23,1997,19.3,81,4.20,45,15,11,3,6,1,12,0.62,9,2,1,0,0,0,Matches
646,Omar Sowe\310fd6d8,gm GAM,FW,NY Red Bulls,20,2000,0.2,0,0.00,0,0,0,0,0,0,0,0.00,0,0,0,0,0,0,Matches
647,Dayne St. Clair\3f41d25f,ca CAN,GK,Minnesota Utd,23,1997,4.0,0,0.00,0,0,0,0,0,0,0,0.00,0,0,0,0,0,0,Matches
648,Mason Stajduhar\f01df62c,us USA,GK,Orlando City,23,1997,5.0,1,0.20,0,1,0,0,0,0,0,0.00,0,0,0,0,0,0,Matches
649,Caleb Stanko\381e52af,us USA,MFDF,FC Cincinnati,27,1993,13.0,3,0.23,3,0,0,0,0,0,0,0.00,0,0,0,0,0,0,Matches
650,Aedan Stanley\61cd3bcf,us USA,DF,Austin FC,21,1999,2.6,3,1.16,3,0,0,0,0,0,0,0.00,0,0,0,0,0,0,Matches
651,Daniel Steres\17c03c76,us USA,DF,LA Galaxy,30,1990,12.6,5,0.40,5,0,0,0,0,0,2,0.16,2,0,0,0,0,0,Matches
652,Luka Stojanović\1a892191,rs SRB,MF,Chicago Fire,27,1994,15.0,43,2.87,19,20,2,1,1,0,2,0.13,1,1,0,0,0,0,Matches
653,Jared Stroud\5d018899,us USA,FWMF,Austin FC,24,1996,12.9,22,1.70,18,1,1,1,0,1,4,0.31,4,0,0,0,0,0,Matches
654,Aljaž Struna\b82c2982,si SVN,DF,CF Montréal,30,1990,15.9,7,0.44,6,0,0,0,0,1,0,0.00,0,0,0,0,0,0,Matches
655,Brad Stuver\6a1940d5,us USA,GK,Austin FC,29,1991,33.0,1,0.03,1,0,0,0,0,0,0,0.00,0,0,0,0,0,0,Matches
656,Quinn Sullivan\92f62cfe,us USA,FWMF,Philadelphia,16,2004,6.0,19,3.18,16,0,3,0,0,0,3,0.50,2,0,1,0,0,0,Matches
657,Hunter Sulte\92823044,us USA,GK,Portland Timbers,18,2002,1.3,0,0.00,0,0,0,0,0,0,0,0.00,0,0,0,0,0,0,Matches
658,Ben Sweat\6937b1ac,us USA,DF,Austin FC,29,1991,1.0,1,0.99,1,0,0,0,0,0,0,0.00,0,0,0,0,0,0,Matches
659,Ballou Tabla\018bd079,ca CAN,DFMF,CF Montréal,21,1999,0.2,1,4.29,1,0,0,0,0,0,0,0.00,0,0,0,0,0,0,Matches
660,Ismael Tajouri-Shradi\ef4249ff,ly LBY,FWMF,NYCFC,26,1994,13.7,37,2.71,26,1,3,1,5,1,3,0.22,1,0,1,0,1,0,Matches
661,Andrew Tarbell\c5487a34,us USA,GK,Austin FC,27,1993,1.0,0,0.00,0,0,0,0,0,0,0,0.00,0,0,0,0,0,0,Matches
662,Amro Tarek\52c930c0,eg EGY,DF,NY Red Bulls,28,1992,9.6,5,0.52,3,0,0,2,0,0,1,0.10,0,0,0,1,0,0,Matches
663,D.J. Taylor\ed4dc7f4,us USA,DF,Minnesota Utd,23,1997,6.9,11,1.59,10,1,0,0,0,0,0,0.00,0,0,0,0,0,0,Matches
664,Russell Teibert\674befe9,ca CAN,MF,Vancouver,28,1992,26.8,43,1.60,37,0,0,0,3,3,3,0.11,2,0,0,0,1,0,Matches
665,Carlos Terán\324509e2,co COL,DF,Chicago Fire,20,2000,10.8,16,1.48,7,9,0,0,0,0,0,0.00,0,0,0,0,0,0,Matches
666,Tanner Tessmann\ac277993,us USA,MF,FC Dallas,19,2001,5.0,11,2.20,9,0,1,1,0,0,0,0.00,0,0,0,0,0,0,Matches
667,Thiago\6adb0b79,br BRA,FW,NYCFC,20,2000,10.8,27,2.50,16,0,5,5,0,1,6,0.56,2,0,2,2,0,0,Matches
668,Tommy Thompson\5f6c69d8,us USA,DF,San Jose,25,1995,8.3,19,2.30,17,0,0,0,1,1,0,0.00,0,0,0,0,0,0,Matches
669,Anton Tinnerholm\0fe96099,se SWE,DF,NYCFC,29,1991,22.3,51,2.28,45,1,2,2,0,1,5,0.22,5,0,0,0,0,0,Matches
670,Donny Toia\d286f965,us USA,DF,Real Salt Lake,28,1992,14.7,15,1.02,12,1,0,1,1,0,3,0.20,2,1,0,0,0,0,Matches
671,John Tolkin\5e88c524,us USA,DFMF,NY Red Bulls,18,2002,22.1,55,2.49,30,22,0,2,0,1,2,0.09,1,1,0,0,0,0,Matches
672,Nouhou Tolo\0796512f,cm CMR,DF,Seattle,23,1997,16.2,9,0.55,6,1,0,1,1,0,1,0.06,1,0,0,0,0,0,Matches
673,Erick Torres\b7f98460,mx MEX,FW,Atlanta Utd,28,1993,7.0,10,1.43,8,0,1,1,0,0,0,0.00,0,0,0,0,0,0,Matches
674,Joaquín Torres\c82dcb70,ar ARG,FWMF,CF Montréal,24,1997,21.0,61,2.91,45,5,4,0,7,0,12,0.57,9,1,1,0,1,0,Matches
675,Dantouma Toure\b5d2014f,gn GUI,FW,Colorado Rapids,16,2004,0.0,0,0.00,0,0,0,0,0,0,0,0.00,0,0,0,0,0,0,Matches
676,Mason Toye\0aa41f67,us USA,FW,CF Montréal,22,1998,9.9,17,1.72,8,0,3,1,4,1,2,0.20,1,0,0,0,1,0,Matches
677,Wil Trapp\9bf9391c,us USA,MF,Minnesota Utd,28,1993,30.3,44,1.45,34,5,0,3,0,2,3,0.10,2,0,0,1,0,0,Matches
678,Auston Trusty\cddf767b,us USA,DF,Colorado Rapids,22,1998,33.0,33,1.00,31,1,1,0,0,0,2,0.06,2,0,0,0,0,0,Matches
679,Bill Tuiloma\bf547c54,nz NZL,DF,Portland Timbers,25,1995,20.1,16,0.80,14,0,1,1,0,0,2,0.10,1,0,0,1,0,0,Matches
680,Cole Turner\30ec7b37,us USA,DF,Philadelphia,19,2001,0.1,0,0.00,0,0,0,0,0,0,0,0.00,0,0,0,0,0,0,Matches
681,Matt Turner\4a51ba65,us USA,GK,New England,26,1994,28.0,3,0.11,3,0,0,0,0,0,1,0.04,1,0,0,0,0,0,Matches
682,Ema Twumasi\9ca4b140,gh GHA,DF,FC Dallas,23,1997,18.9,24,1.27,20,0,1,1,1,1,0,0.00,0,0,0,0,0,0,Matches
683,Przemysław Tytoń\1fa85681,pl POL,GK,FC Cincinnati,34,1987,14.3,0,0.00,0,0,0,0,0,0,0,0.00,0,0,0,0,0,0,Matches
684,Victor Ulloa\e7056f05,us USA,MFDF,Inter Miami,28,1992,13.8,15,1.09,13,0,0,1,0,1,2,0.15,2,0,0,0,0,0,Matches
685,Maximiliano Urruti\6c8fb474,ar ARG,FW,Houston Dynamo,29,1991,24.9,60,2.41,37,3,3,8,7,2,3,0.12,3,0,0,0,0,0,Matches
686,Júnior Urso\b40424f1,br BRA,MF,Orlando City,31,1989,27.6,58,2.10,41,0,2,8,3,4,7,0.25,5,0,0,1,1,0,Matches
687,Zarek Valentin\f0d23e7b,pr PUR,DF,Houston Dynamo,29,1991,26.6,32,1.20,29,2,0,1,0,0,1,0.04,1,0,0,0,0,0,Matches
688,Milton Valenzuela\82318d24,ar ARG,DF,Columbus Crew,22,1998,9.7,14,1.45,11,1,0,1,0,1,0,0.00,0,0,0,0,0,0,Matches
689,Diego Valeri\31da63ad,ar ARG,MFFW,Portland Timbers,34,1986,13.7,69,5.04,33,26,5,0,5,0,4,0.29,4,0,0,0,0,0,Matches
690,Gustavo Vallecilla\2ce88662,ec ECU,DF,FC Cincinnati,21,1999,22.2,12,0.54,9,1,0,2,0,0,3,0.14,3,0,0,0,0,0,Matches
691,Florian Valot\ad454d78,fr FRA,MFFW,FC Cincinnati,27,1993,3.7,13,3.56,10,0,0,0,1,2,0,0.00,0,0,0,0,0,0,Matches
692,Florian Valot\ad454d78,fr FRA,MFDF,NY Red Bulls,27,1993,1.1,1,0.95,1,0,0,0,0,0,0,0.00,0,0,0,0,0,0,Matches
693,José Van Rankin\09ce2ebe,mx MEX,DF,Portland Timbers,27,1993,27.2,35,1.29,25,5,1,2,2,0,8,0.29,4,1,1,1,1,0,Matches
694,Freddy Vargas\3c1e61cf,ve VEN,FW,FC Dallas,21,1999,6.0,34,5.71,19,5,5,2,2,1,1,0.17,1,0,0,0,0,0,Matches
695,Obed Vargas\9cc1fde4,us USA,FW,Seattle,15,2005,0.8,1,1.18,1,0,0,0,0,0,0,0.00,0,0,0,0,0,0,Matches
696,Indiana Vassilev\04e195ee,us USA,FWMF,Inter Miami,19,2001,8.9,16,1.80,12,0,2,1,1,0,1,0.11,1,0,0,0,0,0,Matches
697,Brandon Vazquez\c570cf22,us USA,FW,FC Cincinnati,22,1998,9.5,25,2.64,16,0,2,4,0,3,5,0.53,2,0,1,1,0,1,Matches
698,Víctor Vázquez\6c564d36,es ESP,MFFW,LA Galaxy,34,1987,18.1,77,4.26,51,20,1,2,0,3,6,0.33,5,1,0,0,0,0,Matches
699,Carlos Vela\e0cd04e0,mx MEX,FW,Los Angeles FC,31,1989,14.1,77,5.47,46,11,5,6,7,2,10,0.71,7,1,1,0,0,1,Matches
700,Matías Vera\fe529f25,ar ARG,MF,Houston Dynamo,25,1995,27.2,54,1.98,46,0,1,4,1,2,2,0.07,2,0,0,0,0,0,Matches
701,Kenneth Vermeer\22a94b80,nl NED,GK,FC Cincinnati,35,1986,18.7,2,0.11,2,0,0,0,0,0,0,0.00,0,0,0,0,0,0,Matches
702,Ranko Veselinović\366609b6,rs SRB,DF,Vancouver,21,1999,22.2,5,0.23,5,0,0,0,0,0,0,0.00,0,0,0,0,0,0,Matches
703,Jorge Villafaña\32337fb2,us USA,DF,LA Galaxy,31,1989,18.8,18,0.96,16,1,0,0,0,1,1,0.05,1,0,0,0,0,0,Matches
704,Alex Villanueva\c168f022,us USA,DFFW,Seattle,18,2002,0.1,1,10.00,1,0,0,0,0,0,0,0.00,0,0,0,0,0,0,Matches
705,Sam Vines\2d6e535f,us USA,DF,Colorado Rapids,21,1999,8.0,13,1.63,10,1,0,2,0,0,1,0.13,1,0,0,0,0,0,Matches
706,Kai Wagner\fdc715d9,de GER,DF,Philadelphia,23,1997,31.5,89,2.82,53,26,1,3,5,1,7,0.22,4,1,0,1,0,1,Matches
707,Anton Walkes\8a062bba,eng ENG,DF,Atlanta Utd,23,1997,30.8,11,0.36,11,0,0,0,0,0,3,0.10,3,0,0,0,0,0,Matches
708,Rémi Walter\0984c5d5,fr FRA,MF,Sporting KC,25,1995,21.0,28,1.33,23,2,1,0,2,0,3,0.14,3,0,0,0,0,0,Matches
709,Victor Wanyama\e0900238,ke KEN,MF,CF Montréal,29,1991,26.2,44,1.68,34,0,3,2,2,3,2,0.08,1,0,0,1,0,0,Matches
710,Collen Warner\75babbce,us USA,MF,Colorado Rapids,32,1988,9.7,19,1.96,17,0,2,0,0,0,1,0.10,1,0,0,0,0,0,Matches
711,Taylor Washington\480d3bcc,us USA,DF,Nashville,27,1993,11.5,17,1.48,14,3,0,0,0,0,0,0.00,0,0,0,0,0,0,Matches
712,Joel Waterman\47ddcc22,ca CAN,DF,CF Montréal,25,1996,20.6,18,0.88,16,0,1,0,0,1,4,0.19,4,0,0,0,0,0,Matches
713,Patrick Weah\ae2ee5a5,lr LBR,FW,Minnesota Utd,17,2003,0.2,3,12.27,1,0,0,1,1,0,0,0.00,0,0,0,0,0,0,Matches
714,Quentin Westberg\5480ae05,us USA,GK,Toronto FC,34,1986,10.0,2,0.20,1,1,0,0,0,0,0,0.00,0,0,0,0,0,0,Matches
715,Brian White\54c948de,us USA,MFFW,NY Red Bulls,24,1996,2.2,5,2.32,5,0,0,0,0,0,1,0.46,1,0,0,0,0,0,Matches
716,Brian White\54c948de,us USA,FW,Vancouver,24,1996,21.3,34,1.60,25,1,2,5,0,1,7,0.33,5,0,0,2,0,0,Matches
717,Augustine Williams\8bb1c744,sl SLE,FW,LA Galaxy,23,1997,1.0,3,3.03,3,0,0,0,0,0,0,0.00,0,0,0,0,0,0,Matches
718,Derrick Williams\c0a28fbd,ie IRL,DF,LA Galaxy,28,1993,18.5,12,0.65,8,0,1,2,0,1,5,0.27,3,0,0,1,0,1,Matches
719,Josh Williams\06098bfc,us USA,DF,Columbus Crew,32,1988,15.2,9,0.59,9,0,0,0,0,0,0,0.00,0,0,0,0,0,0,Matches
720,Eryk Williamson\e0364352,us USA,MF,Portland Timbers,23,1997,10.5,30,2.85,20,1,5,0,3,1,4,0.38,3,0,0,0,1,0,Matches
721,Joe Willis\467f09c8,us USA,GK,Nashville,32,1988,34.0,3,0.09,3,0,0,0,0,0,1,0.03,1,0,0,0,0,0,Matches
722,Danny Wilson\9cfe9254,sct SCO,DF,Colorado Rapids,29,1991,27.2,14,0.51,12,1,0,1,0,0,3,0.11,2,0,0,1,0,0,Matches
723,Owen Wolff\9edc70d6,us USA,MFFW,Austin FC,16,2004,0.1,0,0.00,0,0,0,0,0,0,0,0.00,0,0,0,0,0,0,Matches
724,Tyler Wolff\0985c282,us USA,MFFW,Atlanta Utd,17,2003,2.5,1,0.40,1,0,0,0,0,0,0,0.00,0,0,0,0,0,0,Matches
725,Chris Wondolowski\37f46eda,us USA,FWMF,San Jose,38,1983,14.0,29,2.07,21,0,1,4,3,0,0,0.00,0,0,0,0,0,0,Matches
726,Bobby Wood\9853983f,us USA,FWMF,Real Salt Lake,28,1992,6.9,17,2.47,13,0,3,1,0,0,3,0.44,1,0,1,1,0,0,Matches
727,Vito Wormgoor\31d7acd1,nl NED,DF,Columbus Crew,32,1988,14.3,7,0.49,6,0,0,1,0,0,2,0.14,2,0,0,0,0,0,Matches
728,Bradley Wright-Phillips\9bb42ab8,eng ENG,FW,Columbus Crew,35,1985,7.3,14,1.91,10,0,0,1,3,0,0,0.00,0,0,0,0,0,0,Matches
729,William Yarbrough\ec646e88,us USA,GK,Colorado Rapids,31,1989,33.0,1,0.03,1,0,0,0,0,0,1,0.03,1,0,0,0,0,0,Matches
730,Dru Yearwood\2eb09121,eng ENG,MF,NY Red Bulls,20,2000,18.8,51,2.72,33,0,7,1,5,5,4,0.21,4,0,0,0,0,0,Matches
731,Griffin Yow\ddd5cf39,us USA,DFFW,D.C. United,18,2002,2.7,9,3.38,6,1,0,0,0,2,2,0.75,1,0,0,0,0,1,Matches
732,Jackson Yueill\7dce16bf,us USA,MF,San Jose,23,1997,28.4,55,1.94,38,4,3,0,3,7,3,0.11,0,0,1,0,0,2,Matches
733,Renzo Zambrano\526bf96c,ve VEN,MF,Portland Timbers,26,1994,6.6,6,0.91,4,1,0,1,0,0,0,0.00,0,0,0,0,0,0,Matches
734,Gyasi Zardes\09ae7f92,us USA,FW,Columbus Crew,29,1991,17.3,31,1.79,24,0,1,0,6,0,1,0.06,0,0,0,0,1,0,Matches
735,Eriq Zavaleta\edbfbb3f,sv SLV,DF,Toronto FC,28,1992,11.3,0,0.00,0,0,0,0,0,0,0,0.00,0,0,0,0,0,0,Matches
736,Gedion Zelalem\b15ac68f,us USA,MF,NYCFC,24,1997,1.1,4,3.53,4,0,0,0,0,0,1,0.88,1,0,0,0,0,0,Matches
737,Lucas Zelarayán\3ce30893,am ARM,MF,Columbus Crew,28,1992,29.1,144,4.94,70,43,13,4,13,1,13,0.45,5,3,2,1,2,0,Matches
738,Walker Zimmerman\220fa883,us USA,DF,Nashville,27,1993,22.7,15,0.66,10,0,0,4,0,1,3,0.13,3,0,0,0,0,0,Matches
739,Rida Zouhir\e1e65f24,ca CAN,MF,CF Montréal,17,2003,0.2,0,0.00,0,0,0,0,0,0,0,0.00,0,0,0,0,0,0,Matches
740,Ethan Zubak\9f39b6cf,us USA,FWMF,LA Galaxy,22,1998,7.5,15,2.01,10,0,3,1,1,0,3,0.40,2,0,0,1,0,0,Matches
741,Dario Župarić\c6f99e42,ba BIH,DF,Portland Timbers,28,1992,30.0,13,0.43,10,1,0,0,1,1,3,0.10,2,1,0,0,0,0,Matches
742,Graham Zusi\9ba42447,us USA,DF,Sporting KC,34,1986,23.6,55,2.33,50,1,0,1,0,3,5,0.21,5,0,0,0,0,0,Matches
743,Guðmundur Þórarinsson\ded30989,is ISL,DF,NYCFC,28,1992,18.3,65,3.55,51,7,2,4,0,1,4,0.22,3,0,0,1,0,0,Matches