Squad,Age,Born,90s,CrdY,CrdR,2CrdY,Fls,Fld,Off,Crs,Int,TklW,PKwon,PKcon,OG,Recov,Won,Lost,Won%,Matches
1,Paxten Aaronson\4cd41883,us USA,MFFW,Philadelphia,17,2003,6.6,1,0,0,5,5,3,13,5,9,0,0,0,51,5,13,27.8,Matches
2,Saad Abdul-Salaam\4705543b,us USA,DF,Columbus Crew,29,1991,10.3,2,0,0,9,4,0,6,23,12,0,0,0,71,16,12,57.1,Matches
3,Luciano Abecasis\6c510f2d,ar ARG,DF,San Jose,30,1990,13.7,4,0,0,36,16,1,35,31,27,0,0,0,122,20,16,55.6,Matches
4,Ramón Ábila\db5ee72d,ar ARG,FW,Minnesota Utd,31,1989,3.0,1,1,0,2,5,2,2,0,0,0,0,0,16,2,7,22.2,Matches
5,Ramón Ábila\db5ee72d,ar ARG,FW,D.C. United,31,1989,2.5,0,0,0,1,2,3,2,0,1,0,0,0,4,8,11,42.1,Matches
6,Lalas Abubakar\4a67f05b,gh GHA,DF,Colorado Rapids,26,1994,21.3,6,0,0,25,6,1,0,45,18,0,0,0,158,66,29,69.5,Matches
7,Nicolás Acevedo\6140be7b,uy URU,MF,NYCFC,21,1999,15.0,7,1,1,26,22,1,1,33,31,0,0,0,170,13,16,44.8,Matches
8,Ifunanyachi Achara\d31bf83e,us USA,FWMF,Toronto FC,23,1997,9.1,2,0,0,14,13,3,8,13,4,0,0,0,46,9,29,23.7,Matches
9,Bryan Acosta\c5f400f4,hn HON,MF,FC Dallas,27,1993,17.5,7,1,0,48,21,0,15,37,30,0,1,0,161,36,12,75.0,Matches
10,Danilo Acosta\41f720a5,hn HON,DF,LA Galaxy,23,1997,0.7,1,0,0,2,1,0,2,1,1,0,0,0,3,0,0,,Matches
11,Kellyn Acosta\ece10cfe,us USA,MFDF,Colorado Rapids,25,1995,19.1,2,0,0,47,20,1,17,38,39,0,0,0,127,14,17,45.2,Matches
12,Luciano Acosta\363ba6d7,ar ARG,MF,FC Cincinnati,26,1994,29.9,6,0,0,60,83,8,59,28,42,0,0,0,203,5,13,27.8,Matches
13,Mo Adams\00362ef7,eng ENG,MF,Atlanta Utd,24,1996,1.6,1,0,0,7,1,0,0,2,2,0,0,0,15,0,3,0.0,Matches
14,Samuel Adeniran\86429529,us USA,FWMF,Seattle,22,1998,0.7,1,0,0,7,0,0,0,0,0,0,0,0,2,3,4,42.9,Matches
15,Fanendo Adi\ae2dd50a,ng NGA,FW,Minnesota Utd,30,1990,2.3,0,0,0,1,5,1,0,0,0,0,0,0,14,13,13,50.0,Matches
16,Harrison Afful\7d8ede09,gh GHA,DF,Columbus Crew,34,1986,20.2,5,1,1,17,14,2,41,45,21,0,1,0,162,15,16,48.4,Matches
17,Juan Agudelo\0cb2115f,us USA,FWMF,Minnesota Utd,28,1992,2.7,0,0,0,8,4,3,0,1,1,0,0,0,5,15,15,50.0,Matches
18,Raul Aguilera Jr.\7b6113d9,us USA,MF,Orlando City,21,1999,1.1,1,0,0,3,2,0,0,2,3,0,0,0,13,0,0,,Matches
19,Daniel Aguirre\ecc5063f,us USA,MFFW,LA Galaxy,21,1999,0.4,0,0,0,1,1,0,1,3,0,0,0,0,4,0,0,,Matches
20,Matheus Aiás\3ac4ee49,br BRA,FWMF,Orlando City,24,1996,0.2,0,0,0,0,1,0,0,0,0,0,0,0,1,1,2,33.3,Matches
21,Arnaud Ake\3402bb17,ci CIV,FWMF,Nashville,22,1998,4.4,1,0,0,7,14,4,3,3,6,0,0,0,22,5,21,19.2,Matches
22,Tesho Akindele\897304e5,ca CAN,FW,Orlando City,28,1992,15.2,1,0,0,21,21,11,7,8,8,0,0,0,47,37,54,40.7,Matches
23,Ayo Akinola\214d2406,ca CAN,FW,Toronto FC,21,2000,7.2,0,0,0,12,6,7,4,1,0,0,0,0,21,10,33,23.3,Matches
24,Oswaldo Alanís\e97787d9,mx MEX,DF,San Jose,31,1989,22.7,3,0,0,15,6,0,2,56,19,0,0,0,166,41,26,61.2,Matches
25,Caio Alexandre\08ac23b7,br BRA,MF,Vancouver,21,1999,10.6,5,0,0,17,15,1,4,10,19,0,0,0,62,2,7,22.2,Matches
26,Tony Alfaro\4118b12a,us USA,DF,D.C. United,27,1993,20.5,7,0,0,36,9,1,2,36,22,0,1,1,148,56,36,60.9,Matches
27,Ignacio Aliseda\bb8099ee,ar ARG,FWMF,Chicago Fire,20,2000,17.7,0,0,0,11,47,1,22,14,8,0,0,0,119,11,24,31.4,Matches
28,Osvaldo Alonso\8449bfda,cu CUB,MF,Minnesota Utd,35,1985,15.7,8,0,0,35,22,0,4,32,26,0,0,0,198,13,9,59.1,Matches
29,Jozy Altidore\8db8ad1e,us USA,FW,Toronto FC,31,1989,8.5,1,0,0,10,16,6,3,1,5,0,0,0,20,10,12,45.5,Matches
30,Alexander Alvarado\7302ba2b,ec ECU,FWMF,Orlando City,21,1999,2.2,0,0,0,1,8,0,2,2,1,0,0,0,5,2,1,66.7,Matches
31,Ventura Alvarado\4c219392,us USA,DF,Inter Miami,28,1992,0.2,0,0,0,0,0,0,0,0,0,0,0,0,1,0,0,,Matches
32,Efrain Alvarez\3cd08ab7,mx MEX,FWMF,LA Galaxy,18,2002,13.9,1,0,0,13,23,4,26,14,12,1,0,0,76,1,16,5.9,Matches
33,Frankie Amaya\2e8bd00c,us USA,MF,NY Red Bulls,20,2000,9.3,1,0,0,11,25,1,9,29,16,0,0,0,96,5,12,29.4,Matches
34,Mikey Ambrose\f649d6aa,us USA,DFMF,Atlanta Utd,27,1993,0.7,0,0,0,1,0,0,1,0,2,0,0,0,4,0,0,,Matches
35,Malte Amundsen\83b6e15d,dk DEN,DF,NYCFC,22,1998,15.5,2,0,0,24,8,0,39,33,18,1,1,0,108,18,16,52.9,Matches
36,Sebastian Anderson\3a9911ce,us USA,DF,Colorado Rapids,18,2002,0.4,0,0,0,0,1,0,0,0,1,0,0,0,3,1,1,50.0,Matches
37,José Andrés Martínez\c8364e8e,ve VEN,MF,Philadelphia,26,1994,21.7,9,1,0,33,31,0,10,61,54,0,0,0,273,31,16,66.0,Matches
38,Jalil Anibaba\e44593b0,us USA,DF,Nashville,32,1988,7.1,0,0,0,6,1,1,1,6,4,0,0,0,31,11,5,68.8,Matches
39,Brian Anunga\17b28ec7,cm CMR,MF,Nashville,24,1996,16.8,4,0,0,49,13,1,9,33,26,0,0,1,198,15,9,62.5,Matches
40,Cristian Arango\fea9401e,co COL,FW,Los Angeles FC,25,1995,15.5,4,0,0,29,40,6,18,12,10,2,0,0,71,30,37,44.8,Matches
41,Julian Araujo\8f4541c2,mx MEX,DF,LA Galaxy,19,2001,31.0,8,0,0,48,23,1,102,66,66,0,0,1,264,43,27,61.4,Matches
42,Luiz Araújo\fa18c72e,br BRA,FWMF,Atlanta Utd,24,1996,12.8,3,0,0,29,21,1,22,8,17,0,0,0,60,2,9,18.2,Matches
43,Daniel Armando Ríos\078b2c07,mx MEX,FW,Nashville,25,1995,4.1,0,0,0,3,9,3,7,4,6,0,0,0,18,9,20,31.0,Matches
44,Xavier Arreaga\7f2b7640,ec ECU,DF,Seattle,26,1994,24.0,6,0,0,32,21,3,1,44,32,0,0,0,171,48,27,64.0,Matches
45,Paul Arriola\1bb2acce,us USA,FWMF,D.C. United,25,1995,15.1,3,0,0,18,22,5,35,8,3,0,0,0,81,5,30,14.3,Matches
46,Artur\ea6803c7,br BRA,MF,Columbus Crew,24,1996,4.8,1,0,0,6,4,0,2,14,14,0,0,0,38,1,4,20.0,Matches
47,Yamil Asad\a444689a,ar ARG,MFFW,D.C. United,26,1994,7.2,3,0,0,18,18,1,10,18,15,0,0,0,51,9,14,39.1,Matches
48,Dairon Asprilla\218d336c,co COL,FWMF,Portland Timbers,28,1992,23.2,5,0,0,36,34,8,62,27,23,0,0,0,159,61,72,45.9,Matches
49,Isaac Atanga\ff0f2a53,gh GHA,FWMF,FC Cincinnati,20,2000,11.4,0,1,0,13,15,6,14,11,10,0,0,0,42,7,15,31.8,Matches
50,Joshua Atencio\1f084637,us USA,MF,Seattle,19,2002,16.8,1,0,0,20,10,1,1,35,25,0,0,0,186,27,18,60.0,Matches
51,Jeff Attinella\4277b946,us USA,GK,Portland Timbers,32,1988,1.9,0,0,0,1,0,0,0,0,0,0,1,0,5,0,0,,Matches
52,Eduard Atuesta\60990b81,co COL,MF,Los Angeles FC,23,1997,23.6,3,0,0,40,45,0,37,47,29,0,0,0,265,14,17,45.2,Matches
53,Auro\b234cb0e,br BRA,DFMF,Toronto FC,25,1996,22.1,2,1,0,34,28,1,12,44,26,1,0,0,193,12,21,36.4,Matches
54,Brandon Austin\5e253986,eng ENG,GK,Orlando City,22,1999,5.0,0,0,0,0,0,0,0,0,0,0,0,0,21,0,0,,Matches
55,Edison Azcona\05f54837,do DOM,FW,Inter Miami,17,2003,0.6,1,0,0,3,1,0,1,1,2,0,0,0,4,0,3,0.0,Matches
56,Dominique Badji\758ac389,sn SEN,FW,Nashville,28,1992,2.1,0,0,0,1,2,3,1,1,4,0,0,0,7,9,10,47.4,Matches
57,Dominique Badji\758ac389,sn SEN,FWMF,Colorado Rapids,28,1992,3.6,1,0,0,7,8,1,1,0,3,0,0,0,7,9,13,40.9,Matches
58,Zico Bailey\aa9e1161,us USA,DF,FC Cincinnati,20,2000,7.6,2,0,0,10,5,0,6,16,8,0,0,0,58,3,5,37.5,Matches
59,Theo Bair\c724745e,ca CAN,FW,Vancouver,21,1999,0.3,0,0,0,0,0,1,0,0,0,0,0,0,2,4,1,80.0,Matches
60,Corey Baird\2d0d1442,us USA,FW,Los Angeles FC,25,1996,8.3,2,0,0,7,7,3,8,6,7,0,0,0,35,6,24,20.0,Matches
61,Corey Baird\2d0d1442,us USA,FW,Houston Dynamo,25,1996,4.0,0,0,0,6,6,1,2,4,2,0,0,0,23,3,5,37.5,Matches
62,Mateo Bajamich\d005b036,ar ARG,FWMF,Houston Dynamo,21,1999,1.5,0,0,0,5,2,2,6,0,0,0,0,0,8,2,3,40.0,Matches
63,Reed Baker-Whiting\816d7aec,us USA,MFFW,Seattle,15,2005,2.2,0,0,0,3,4,1,0,1,1,0,0,0,11,1,5,16.7,Matches
64,Michael Baldisimo\894b41c5,ca CAN,MF,Vancouver,20,2000,13.9,6,0,0,30,13,0,4,25,21,0,0,0,93,9,8,52.9,Matches
65,Grayson Barber\8504b10a,us USA,FWMF,Sporting KC,20,2000,2.4,1,0,0,5,4,1,1,1,5,0,0,0,13,4,8,33.3,Matches
66,Ezequiel Barco\7fa737c4,ar ARG,FWMF,Atlanta Utd,21,1999,23.7,4,1,0,8,113,4,21,16,7,0,0,0,124,0,15,0.0,Matches
67,Tom Barlow\da4821de,us USA,FWMF,NY Red Bulls,25,1995,5.5,2,0,0,11,3,7,4,2,4,0,0,0,25,32,37,46.4,Matches
68,Luis Barraza\e6f22a6b,us USA,GK,NYCFC,24,1996,5.0,0,0,0,0,0,0,0,0,0,0,0,0,18,0,1,0.0,Matches
69,Álvaro Barreal\ffca53e1,ar ARG,FWMF,FC Cincinnati,20,2000,24.5,4,1,0,21,47,2,45,20,22,0,0,0,125,7,32,17.9,Matches
70,Michael Barrios\df782c79,co COL,FWMF,Colorado Rapids,29,1991,23.3,3,0,0,28,23,10,70,14,13,1,1,0,97,9,31,22.5,Matches
71,Cole Bassett\2c8da8a1,us USA,MFFW,Colorado Rapids,19,2001,24.6,3,0,0,37,47,2,40,12,21,0,0,0,154,28,50,35.9,Matches
72,Zorhan Bassong\6297d826,ca CAN,DF,CF Montréal,21,1999,13.9,3,1,1,22,12,3,12,24,17,0,1,0,94,26,16,61.9,Matches
73,Clement Bayiha\ca9f2034,ca CAN,DF,CF Montréal,21,1999,3.2,0,0,0,6,1,0,6,8,2,0,0,0,29,1,4,20.0,Matches
74,Tanner Beason\3f1b018e,us USA,DF,San Jose,23,1997,21.4,1,0,0,12,16,0,4,40,11,0,0,1,148,71,32,68.9,Matches
75,Alejandro Bedoya\9a6f8dfd,us USA,MF,Philadelphia,33,1987,29.5,5,0,0,55,23,8,50,53,36,0,0,0,227,71,71,50.0,Matches
76,Steven Beitashour\64f1680a,ir IRN,DF,Colorado Rapids,33,1987,6.5,1,0,0,2,3,1,5,12,4,0,0,0,39,4,5,44.4,Matches
77,Jon Bell\658a3134,us USA,DF,New England,23,1997,9.1,1,0,0,11,3,0,1,28,19,0,0,0,62,36,38,48.6,Matches
78,George Bello\aca0a525,us USA,DF,Atlanta Utd,19,2002,27.1,3,0,0,17,44,5,46,39,23,0,0,0,166,20,22,47.6,Matches
79,Joe Bendik\c3e50b67,us USA,GK,Philadelphia,31,1989,2.4,0,0,0,0,0,0,0,0,0,0,0,0,8,0,0,,Matches
80,Nicolas Benezet\30395d3b,fr FRA,FWMF,Colorado Rapids,29,1991,3.2,0,0,0,1,5,0,3,1,4,0,0,0,30,0,6,0.0,Matches
81,Nicolas Benezet\30395d3b,fr FRA,FWMF,Seattle,29,1991,7.4,1,0,0,9,23,2,12,6,4,0,0,0,55,8,7,53.3,Matches
82,Sebastian Berhalter\f33ee427,us USA,MF,Austin FC,19,2001,7.3,3,0,0,20,8,0,5,10,19,0,0,0,60,6,10,37.5,Matches
83,Robert Berić\9001138b,si SVN,FW,Chicago Fire,29,1991,24.4,1,0,0,32,49,28,18,10,8,0,0,0,70,38,61,38.4,Matches
84,Miguel Berry\a5532e80,es ESP,FW,Columbus Crew,23,1997,9.4,0,0,0,13,8,1,3,4,5,0,0,0,38,28,46,37.8,Matches
85,Matt Besler\8393a973,us USA,DF,Austin FC,33,1987,19.4,2,0,0,12,7,0,0,36,6,0,0,0,145,45,24,65.2,Matches
86,Nick Besler\cc9fa1a8,us USA,MF,Real Salt Lake,27,1993,18.3,4,0,0,21,39,0,3,52,28,0,0,0,173,32,14,69.6,Matches
87,Janio Bikel\7d944245,pt POR,MF,Vancouver,25,1995,25.6,4,0,0,74,51,1,8,29,45,0,0,0,174,18,17,51.4,Matches
88,Steve Birnbaum\26637ac8,us USA,DF,D.C. United,30,1991,18.0,4,0,0,33,15,2,1,33,5,0,0,1,158,91,18,83.5,Matches
89,José Bizama\fbcb25ab,cl CHI,DF,Houston Dynamo,26,1994,1.0,0,0,0,0,1,0,1,1,0,0,0,0,6,0,3,0.0,Matches
90,Tyler Blackett\a68a5466,eng ENG,DF,FC Cincinnati,26,1994,8.6,1,0,0,10,6,0,0,16,4,0,0,0,51,20,10,66.7,Matches
91,Jamal Blackman\dd26b605,eng ENG,GK,Los Angeles FC,27,1993,8.0,0,0,0,0,1,0,0,0,0,0,0,0,34,0,0,,Matches
92,Tristan Blackmon\7f35d14e,us USA,DF,Los Angeles FC,24,1996,14.4,2,1,0,22,8,0,10,41,8,0,0,0,139,30,15,66.7,Matches
93,Andre Blake\b3b21a11,jm JAM,GK,Philadelphia,30,1990,26.0,2,0,0,0,2,0,0,0,0,0,0,0,125,0,0,,Matches
94,Sebastián Blanco\4ddd0834,ar ARG,MFFW,Portland Timbers,32,1988,13.1,4,0,0,14,21,1,54,14,9,0,1,0,86,8,10,44.4,Matches
95,Latif Blessing\5153d32e,gh GHA,MFDF,Los Angeles FC,24,1996,24.5,1,0,0,41,52,5,12,77,43,0,0,0,279,25,31,44.6,Matches
96,Emmanuel Boateng\25f77a5f,gh GHA,MFFW,New England,27,1994,4.2,0,0,0,6,3,0,16,4,3,0,0,0,23,3,2,60.0,Matches
97,Blake Bodily\612a0951,us USA,FWDF,Portland Timbers,23,1998,2.3,1,0,0,5,1,0,4,3,2,0,0,0,12,7,4,63.6,Matches
98,Jonathan Bond\c3a86eea,eng ENG,GK,LA Galaxy,27,1993,31.0,2,0,0,0,4,0,0,0,0,0,0,0,164,0,0,,Matches
99,Pablo Bonilla\da23cdc3,ve VEN,DF,Portland Timbers,21,1999,15.1,4,0,0,21,25,0,17,45,21,0,0,0,94,12,21,36.4,Matches
100,Alex Bono\aa28a396,us USA,GK,Toronto FC,26,1994,24.0,2,0,0,3,4,0,1,1,0,0,2,0,140,1,0,100.0,Matches
101,Jonathan Bornstein\79a6c95f,us USA,DF,Chicago Fire,36,1984,24.7,2,0,0,22,19,0,15,47,27,0,2,0,228,63,52,54.8,Matches
102,Gustavo Bou\3dfcc735,ar ARG,FW,New England,30,1990,25.8,2,0,0,19,19,26,66,11,12,0,0,0,122,8,19,29.6,Matches
103,Michael Boxall\6bfa0d3a,nz NZL,DF,Minnesota Utd,32,1988,24.3,3,0,0,22,6,0,0,27,35,0,0,1,205,49,21,70.0,Matches
104,Michael Bradley\fd5e3a73,us USA,MFDF,Toronto FC,33,1987,29.9,7,0,0,26,24,0,20,42,27,0,0,0,260,9,13,40.9,Matches
105,Zachary Brault-Guillard\948a58c2,ca CAN,DF,CF Montréal,22,1998,22.8,4,0,0,25,21,5,64,40,16,0,0,0,163,16,28,36.4,Matches
106,Claudio Bravo\5619c5e8,ar ARG,DF,Portland Timbers,23,1997,22.4,6,0,0,51,19,0,34,72,56,0,2,0,233,17,26,39.5,Matches
107,Brenner\279508bf,br BRA,FW,FC Cincinnati,21,2000,30.9,4,0,0,21,48,15,12,13,21,1,0,0,117,6,46,11.5,Matches
108,Bressan\3db1684c,br BRA,DF,FC Dallas,28,1993,19.4,7,0,0,21,8,0,1,49,21,0,2,0,119,42,18,70.0,Matches
109,Sebastian Breza\52e7f812,ca CAN,GK,CF Montréal,22,1998,8.0,2,0,0,1,1,0,0,0,0,0,0,0,45,0,0,,Matches
110,Frédéric Brillant\5b14180f,fr FRA,DF,D.C. United,35,1985,14.6,4,0,0,26,11,0,0,24,14,0,1,1,100,41,20,67.2,Matches
111,Andrew Brody\33e46323,us USA,DF,Real Salt Lake,25,1995,12.0,1,0,0,10,17,1,40,18,14,0,0,0,77,9,19,32.1,Matches
112,Javain Brown\3d14c62e,jm JAM,DF,Vancouver,21,1999,19.3,4,0,0,30,12,2,52,50,47,0,2,0,132,33,31,51.6,Matches
113,Will Bruin\87a6ac29,us USA,FW,Seattle,31,1989,14.3,0,0,0,12,37,7,14,6,5,0,0,0,55,46,49,48.4,Matches
114,Tajon Buchanan\3aca6420,ca CAN,MFFW,New England,21,1999,19.4,4,0,0,32,61,2,53,24,19,2,0,0,136,24,27,47.1,Matches
115,Adam Buksa\3b676989,pl POL,FW,New England,24,1996,23.1,2,0,0,44,47,8,3,9,9,1,0,0,92,111,104,51.6,Matches
116,Teal Bunbury\3077fce8,us USA,FWMF,New England,30,1990,12.7,2,0,0,25,18,4,16,13,11,0,0,0,73,35,38,47.9,Matches
117,Nkosi Burgess\4a07ae31,us USA,DF,FC Dallas,23,1997,20.3,1,0,0,12,5,1,6,31,19,0,0,0,132,40,27,59.7,Matches
118,Cory Burke\39fde61c,jm JAM,FWMF,Philadelphia,29,1991,10.5,0,0,0,29,22,8,13,4,11,0,0,0,54,54,57,48.6,Matches
119,Evan Bush\69a57596,us USA,GK,Columbus Crew,34,1986,4.0,0,0,0,0,1,0,0,0,0,0,0,0,15,0,0,,Matches
120,Gianluca Busio\4a0b7f07,us USA,MFFW,Sporting KC,18,2002,12.8,0,0,0,16,20,1,20,22,26,0,0,0,114,19,24,44.2,Matches
121,Handwalla Bwana\b56080ee,so SOM,FW,Nashville,23,1997,1.1,0,0,0,1,2,0,1,2,3,0,0,0,9,0,3,0.0,Matches
122,Brandon Bye\9fcd12af,us USA,DF,New England,25,1995,27.5,3,0,0,32,16,1,112,48,33,0,1,0,230,88,57,60.7,Matches
123,Kevin Cabral\42af215b,fr FRA,FWMF,LA Galaxy,21,1999,22.1,3,0,0,26,39,11,20,26,10,2,0,0,84,8,34,19.0,Matches
124,Jhonder Cádiz\e8edfdc9,ve VEN,FW,Nashville,25,1995,7.7,0,0,0,12,11,9,10,0,7,0,0,0,25,44,44,50.0,Matches
125,Deiber Caicedo\9bfa2f52,co COL,FWMF,Vancouver,20,2000,25.0,3,0,0,19,42,7,42,35,13,0,0,0,124,2,28,6.7,Matches
126,Luís Caicedo\008ddeb9,co COL,MF,New England,24,1996,2.1,1,0,0,9,3,0,0,4,6,0,0,0,15,1,2,33.3,Matches
127,Scott Caldwell\4a54592d,us USA,MF,New England,29,1991,2.3,1,0,0,8,1,0,0,6,6,0,0,0,26,2,2,50.0,Matches
128,Alexander Callens\af34f10d,pe PER,DF,NYCFC,28,1992,23.3,3,0,0,25,22,2,0,35,17,0,0,0,200,47,35,57.3,Matches
129,Francisco Calvo\706bd23f,cr CRC,DF,Chicago Fire,28,1992,16.2,1,0,0,18,7,1,6,56,22,0,0,0,160,66,39,62.9,Matches
130,Rudy Camacho\6ad16d47,fr FRA,DF,CF Montréal,29,1991,30.5,8,3,1,44,8,0,5,73,18,0,0,1,293,61,36,62.9,Matches
131,Geoff Cameron\1a160ea3,us USA,DF,FC Cincinnati,35,1985,26.3,8,0,0,34,12,0,6,56,45,0,1,0,190,61,39,61.0,Matches
132,George Campbell\45e1a597,us USA,DF,Atlanta Utd,19,2001,7.0,2,0,0,11,5,0,1,22,13,0,0,0,53,12,11,52.2,Matches
133,Russell Canouse\ec730d9a,us USA,MF,D.C. United,25,1995,19.0,5,0,0,56,39,0,8,47,39,1,0,0,179,32,44,42.1,Matches
134,Nathan Cardoso\d4438745,br BRA,DF,San Jose,25,1995,19.2,8,1,0,43,25,0,2,88,65,0,0,0,161,67,24,73.6,Matches
135,Antonio Carlos\949fe1e8,br BRA,DF,Orlando City,27,1993,26.8,6,1,0,32,14,0,0,74,15,0,0,1,197,80,33,70.8,Matches
136,Wikelman Carmona\cab97dd2,ve VEN,MFFW,NY Red Bulls,17,2003,13.7,0,0,0,27,29,0,17,15,19,2,0,0,114,11,35,23.9,Matches
137,Julián Carranza\3e9ae1db,ar ARG,FWMF,Inter Miami,20,2000,8.2,4,0,0,41,34,7,2,12,11,0,0,0,39,14,36,28.0,Matches
138,Adalberto Carrasquilla\f087912d,pa PAN,MF,Houston Dynamo,22,1998,6.2,2,0,0,13,11,0,5,14,9,0,0,0,62,4,5,44.4,Matches
139,Javier Casas\2ed8d81b,us USA,MF,Chicago Fire,17,2003,0.6,0,0,0,2,1,0,0,0,0,0,0,0,7,1,0,100.0,Matches
140,Julio Cascante\cc120b4f,cr CRC,DF,Austin FC,27,1993,26.8,4,1,0,31,13,1,1,42,20,0,0,1,186,73,44,62.4,Matches
141,Cristian Cásseres Jr.\f86fe8c1,ve VEN,MFFW,NY Red Bulls,21,2000,22.9,3,0,0,57,45,2,42,33,44,0,0,0,225,36,46,43.9,Matches
142,Robert Castellanos\e620dcbb,us USA,DF,Nashville,22,1998,1.0,0,0,0,0,0,0,0,3,0,0,0,0,7,5,2,71.4,Matches
143,Valentín Castellanos\da76bab4,ar ARG,FW,NYCFC,22,1998,30.5,9,0,0,88,65,22,15,11,21,1,0,0,121,98,114,46.2,Matches
144,Edgar Castillo\3cdde01b,us USA,DF,FC Cincinnati,34,1986,10.8,5,0,0,11,14,2,4,31,11,1,0,0,62,6,9,40.0,Matches
145,Juan Castillo\bd538c54,us USA,MF,Houston Dynamo,16,2004,0.1,0,0,0,0,0,0,0,0,1,0,0,0,2,0,0,,Matches
146,Lucas Cavallini\dd8de641,ca CAN,FW,Vancouver,28,1992,13.7,6,0,0,29,53,2,7,7,6,1,0,0,53,55,71,43.7,Matches
147,Darwin Cerén\a58de3f0,sv SLV,MF,Houston Dynamo,31,1989,13.4,4,1,0,31,18,1,12,25,16,0,0,0,128,13,19,40.6,Matches
148,Edwin Cerrillo\bd060315,us USA,MF,FC Dallas,20,2000,15.4,6,0,0,39,9,0,3,24,17,0,0,0,144,8,13,38.1,Matches
149,Maikel Chang\04cc9edd,cu CUB,DFMF,Real Salt Lake,29,1991,12.1,2,0,0,10,5,2,66,16,21,0,0,0,93,15,15,50.0,Matches
150,Maxime Chanot\ca366055,lu LUX,DF,NYCFC,31,1989,28.9,7,1,1,33,12,3,2,60,18,0,0,0,260,95,27,77.9,Matches
151,Jay Chapman\3bb4d381,ca CAN,MFFW,Inter Miami,27,1994,13.2,4,0,0,30,7,2,9,20,18,0,0,0,82,12,13,48.0,Matches
152,Diego Chará\6260cc9d,co COL,MF,Portland Timbers,34,1986,27.2,8,1,1,68,51,1,11,55,59,0,0,0,218,16,18,47.1,Matches
153,Yimmi Chará\9df9baab,co COL,FWMF,Portland Timbers,29,1991,25.7,1,0,0,20,34,5,38,32,28,0,0,0,182,8,24,25.0,Matches
154,Justin Che\3c569f37,us USA,DF,FC Dallas,17,2003,11.3,0,0,0,10,5,0,31,35,22,0,0,0,102,12,14,46.2,Matches
155,Mathieu Choiniere\017459bb,ca CAN,DF,CF Montréal,21,1999,22.0,3,0,0,29,31,2,48,26,23,0,0,0,130,7,26,21.2,Matches
156,Léo Chú\d88ebbe9,br BRA,FWMF,Seattle,20,2000,1.7,0,0,0,4,6,0,6,3,3,0,0,0,6,1,6,14.3,Matches
157,José Cifuentes\8c8c07a7,ec ECU,MF,Los Angeles FC,21,1999,25.7,6,0,0,46,35,1,31,34,45,0,0,0,225,31,43,41.9,Matches
158,Abdoulaye Cissoko\52a6ef30,fr FRA,DF,Seattle,21,1999,10.7,1,0,0,11,4,0,0,22,14,0,0,0,73,15,16,48.4,Matches
159,Caden Clark\6e327d0d,us USA,MFFW,NY Red Bulls,17,2003,16.7,3,0,0,34,18,2,27,17,30,0,0,0,126,10,23,30.3,Matches
160,Steve Clark\ed6320b7,us USA,GK,Portland Timbers,34,1986,23.3,1,0,0,1,1,0,0,0,0,0,1,0,101,0,0,,Matches
161,Stefan Cleveland\873fdbdf,us USA,GK,Seattle,26,1994,15.0,0,0,0,1,2,0,0,0,0,0,1,0,104,0,0,,Matches
162,Elliot Collier\5804f03b,nz NZL,FWMF,Chicago Fire,25,1995,3.7,0,0,0,7,9,0,7,4,4,0,0,0,36,2,10,16.7,Matches
163,Jackson Conway\1cfa6e1a,us USA,FWMF,Atlanta Utd,19,2001,2.7,1,0,0,7,4,0,2,0,2,0,0,0,9,7,12,36.8,Matches
164,Derek Cornelius\577744b8,ca CAN,DFFW,Vancouver,23,1997,1.6,2,0,0,4,1,0,0,3,3,0,0,0,13,4,3,57.1,Matches
165,Joe Corona\470cd24b,us USA,MF,Houston Dynamo,30,1990,19.2,5,0,0,38,33,1,16,27,30,0,0,0,185,31,33,48.4,Matches
166,Carlos Coronel\5c07e176,br BRA,GK,NY Red Bulls,24,1996,34.0,1,0,0,0,3,0,0,0,0,0,0,0,152,0,0,,Matches
167,Séga Coulibaly\dab9537e,fr FRA,DF,LA Galaxy,24,1996,15.8,1,0,0,14,22,1,2,25,10,0,0,0,108,39,25,60.9,Matches
168,Cade Cowell\f8e95f87,us USA,FWMF,San Jose,17,2003,18.6,3,0,0,39,15,4,36,7,12,0,0,0,97,9,35,20.5,Matches
169,Maxime Crépeau\ea42e480,ca CAN,GK,Vancouver,26,1994,27.0,1,0,0,0,4,0,0,0,0,0,0,0,122,0,0,,Matches
170,Daniel Crisostomo\33fdd2aa,us USA,MF,Los Angeles FC,24,1997,4.4,3,0,0,11,4,0,0,12,5,0,0,0,43,3,0,100.0,Matches
171,Cody Cropper\aa133046,us USA,GK,FC Cincinnati,27,1993,1.0,0,0,0,0,0,0,0,0,0,0,0,0,3,0,0,,Matches
172,Allan Cruz\030105a5,cr CRC,MF,FC Cincinnati,24,1996,18.3,5,1,0,35,44,0,7,26,24,0,0,0,109,19,19,50.0,Matches
173,Cristián Dajome\a065e877,co COL,FWDF,Vancouver,27,1994,29.7,4,0,0,48,95,6,91,33,32,3,1,0,159,24,51,32.0,Matches
174,Jürgen Damm\bbf8bf7a,mx MEX,FWDF,Atlanta Utd,28,1992,1.8,1,0,0,5,3,1,19,2,3,0,0,0,7,5,1,83.3,Matches
175,Jesús Daniel Bueno\b5687b08,ve VEN,MF,Philadelphia,21,1999,0.3,0,0,0,2,2,0,1,0,1,0,0,0,5,0,0,,Matches
176,Mario Daniel Vega\6904a59a,ar ARG,GK,San Jose,36,1984,1.0,1,0,0,1,0,0,0,0,0,0,1,0,9,0,0,,Matches
177,Abu Danladi\507383d1,gh GHA,FWMF,Nashville,25,1995,1.1,0,0,0,6,1,0,7,1,0,0,0,0,14,0,3,0.0,Matches
178,Toni Datković\0893e14b,hr CRO,DF,Real Salt Lake,27,1993,6.5,1,0,0,5,2,1,6,10,2,0,1,1,49,22,13,62.9,Matches
179,Jake Davis\79d3a503,us USA,MF,Sporting KC,19,2002,0.0,0,0,0,1,0,0,0,0,0,,,0,,,,,Matches
180,Sean Davis\cb75cac9,us USA,MF,NY Red Bulls,27,1993,34.0,7,0,0,53,20,0,22,95,63,0,0,0,480,56,17,76.7,Matches
181,Matheus Davó\e48e1310,br BRA,FWMF,Philadelphia,21,1999,0.2,0,0,0,0,1,0,0,0,0,0,0,0,0,0,1,0.0,Matches
182,Alex DeJohn\2a6c024c,us USA,DF,Atlanta Utd,29,1991,1.4,0,0,0,2,1,0,0,1,0,0,0,0,8,7,2,77.8,Matches
183,A.J. DeLaGarza\171b3c37,gu GUM,DF,New England,33,1987,5.6,1,0,0,7,7,0,9,7,7,0,1,0,27,7,12,36.8,Matches
184,Jordy Delem\12e3a5f4,mq MTQ,MFDF,Seattle,27,1993,0.4,1,0,0,4,1,0,0,1,1,0,0,0,2,1,1,50.0,Matches
185,Nick DeLeon\21490b0d,us USA,MFFW,Toronto FC,30,1990,7.0,1,0,0,8,6,0,8,6,9,0,0,0,40,4,20,16.7,Matches
186,Marky Delgado\7f6a25b7,us USA,MFFW,Toronto FC,25,1995,26.3,6,0,0,44,29,3,23,70,35,0,0,0,254,23,27,46.0,Matches
187,Nick DePuy\ba7b4e67,us USA,DF,LA Galaxy,26,1994,20.7,6,0,0,36,4,0,0,34,25,0,0,0,155,48,20,70.6,Matches
188,Silvester van der Water\5d83500d,nl NED,FWMF,Orlando City,24,1996,10.9,1,0,0,9,14,3,17,11,13,0,0,0,70,4,11,26.7,Matches
189,Joey DeZart\9d7142a6,us USA,MF,Orlando City,22,1998,6.3,2,0,0,12,4,1,0,11,6,0,0,0,44,6,16,27.3,Matches
190,Amadou Dia\1650e261,us USA,DF,Sporting KC,27,1993,1.2,1,0,0,2,0,0,3,1,2,0,0,0,7,3,0,100.0,Matches
191,Youba Diarra\d61759ec,ml MLI,MF,NY Red Bulls,22,1998,1.4,2,0,0,3,2,0,0,7,3,0,0,0,27,1,1,50.0,Matches
192,Luis Díaz\1c9838aa,cr CRC,FW,Columbus Crew,22,1998,10.9,3,0,0,24,28,5,37,13,13,0,0,0,53,7,13,35.0,Matches
193,Bakaye Dibassy\247accfd,ml MLI,DF,Minnesota Utd,31,1989,25.9,7,0,0,34,15,1,2,60,30,0,1,1,187,52,40,56.5,Matches
194,Daryl Dike\d4cfc93c,us USA,FW,Orlando City,20,2000,14.7,0,0,0,15,45,9,6,3,5,2,0,1,29,35,36,49.3,Matches
195,Clément Diop\0d5c0218,sn SEN,GK,CF Montréal,27,1993,8.0,1,0,0,0,1,0,0,0,0,0,0,0,48,0,0,,Matches
196,Moussa Djitte\627b570a,sn SEN,FW,Austin FC,21,1999,6.7,0,0,0,11,7,2,4,1,1,0,0,0,29,9,14,39.1,Matches
197,Ethan Dobbelaere\1e772b7c,us USA,DFMF,Seattle,18,2002,2.0,1,0,0,2,4,0,5,3,2,0,0,0,13,2,7,22.2,Matches
198,Cecilio Domínguez\3162d667,py PAR,FW,Austin FC,26,1994,26.3,3,0,0,24,56,8,28,16,28,2,0,0,108,17,34,33.3,Matches
199,Irakoze Donasiyano\6195efdb,us USA,MF,Nashville,22,1998,0.3,0,0,0,0,0,0,0,2,0,0,0,0,5,0,1,0.0,Matches
200,Griffin Dorsey\c182ca04,us USA,FWDF,Houston Dynamo,21,1999,16.5,2,0,0,16,22,0,66,18,14,0,0,0,98,21,26,44.7,Matches
201,Jonathan dos Santos\91872dec,mx MEX,MF,LA Galaxy,30,1990,20.1,5,0,0,20,17,0,13,36,28,0,0,0,172,9,13,40.9,Matches
202,Hassani Dotson\8f2af1ed,us USA,MFFW,Minnesota Utd,23,1997,26.3,2,0,0,42,42,0,29,39,45,0,0,0,234,58,53,52.3,Matches
203,Josh Drack\98a70879,us USA,MF,LA Galaxy,21,1999,0.0,0,0,0,0,0,0,0,0,0,0,0,0,1,0,0,,Matches
204,Sebastián Driussi\60e86875,ar ARG,MFFW,Austin FC,24,1996,15.3,2,0,0,18,28,1,27,13,15,0,0,0,97,7,29,19.4,Matches
205,Bryce Duke\59557625,us USA,MFFW,Los Angeles FC,19,2001,5.1,3,0,0,19,13,0,5,5,4,0,0,0,46,4,9,30.8,Matches
206,Cameron Duke\c679d9fd,us USA,MFDF,Sporting KC,19,2001,7.4,1,0,0,12,30,0,3,9,7,0,0,0,53,6,13,31.6,Matches
207,Cameron Dunbar\a8734f4a,us USA,FWMF,LA Galaxy,18,2002,3.3,0,0,0,5,9,0,6,0,3,0,0,0,22,1,4,20.0,Matches
208,Kyle Duncan\575e6cb1,us USA,DF,NY Red Bulls,23,1997,28.9,10,0,0,60,49,1,64,82,53,0,0,0,318,72,55,56.7,Matches
209,Julian Dunn-Johnson\220b5800,ca CAN,DF,Toronto FC,20,2000,1.0,0,0,0,1,0,0,0,1,2,0,0,0,5,1,1,50.0,Matches
210,Chris Duvall\39fae08b,us USA,DF,FC Cincinnati,29,1991,1.0,1,0,0,2,1,0,1,0,2,0,0,0,5,0,2,0.0,Matches
211,Dom Dwyer\bdfc15f8,us USA,FW,Toronto FC,30,1990,5.5,1,0,0,16,21,7,1,3,3,0,0,0,14,16,29,35.6,Matches
212,Jeremy Ebobisse\5fa7b2ec,us USA,FW,San Jose,23,1997,8.4,1,0,0,8,18,3,2,2,0,0,0,0,21,6,26,18.8,Matches
213,Jeremy Ebobisse\5fa7b2ec,us USA,FWMF,Portland Timbers,23,1997,10.5,0,0,0,11,14,4,6,6,3,1,0,0,26,16,18,47.1,Matches
214,Javier Eduardo López\f851b52f,mx MEX,MFFW,San Jose,26,1994,25.0,9,0,0,15,41,8,29,17,10,0,0,0,139,5,20,20.0,Matches
215,Raheem Edwards\b828d56a,ca CAN,DFMF,Los Angeles FC,25,1995,15.3,4,0,0,42,28,5,26,24,29,1,0,0,103,20,20,50.0,Matches
216,Tom Edwards\1b780599,eng ENG,DF,NY Red Bulls,22,1999,21.7,6,0,0,38,20,0,45,50,17,0,1,0,219,36,33,52.2,Matches
217,Mandela Egbo\5603d397,eng ENG,DF,NY Red Bulls,23,1997,0.3,0,0,0,0,0,0,0,0,0,0,0,0,2,0,3,0.0,Matches
218,Jack Elliott\041deebd,eng ENG,DF,Philadelphia,25,1995,33.0,7,0,0,26,16,0,1,77,40,0,1,1,294,104,52,66.7,Matches
219,Kalil ElMedkhar\272c1aaf,us USA,FWMF,FC Dallas,21,1999,1.4,1,0,0,1,1,0,3,5,1,0,0,0,7,2,1,66.7,Matches
220,Tsubasa Endoh\46dca6e8,jp JPN,FWMF,Toronto FC,27,1993,5.7,0,0,0,0,6,1,7,10,7,0,0,0,29,2,10,16.7,Matches
221,Adam Esparza\ca135560,us USA,MF,LA Galaxy,18,2002,7.5,2,0,0,12,7,0,1,10,10,0,0,0,62,8,4,66.7,Matches
222,Cristian Espinoza\9c794a80,ar ARG,FWMF,San Jose,25,1995,24.7,7,0,0,33,26,4,86,39,21,1,0,0,137,8,27,22.9,Matches
223,Jhon Espinoza\79666d5a,ec ECU,DF,Chicago Fire,21,1999,9.0,1,0,0,15,11,0,35,14,14,0,1,0,67,13,10,56.5,Matches
224,Roger Espinoza\60b7c195,hn HON,MF,Sporting KC,34,1986,23.2,7,1,0,53,33,2,23,33,51,0,0,0,195,35,29,54.7,Matches
225,Lucas Esteves\c6ec0258,br BRA,DF,Colorado Rapids,20,2000,10.3,1,1,0,16,4,2,35,18,11,0,0,0,83,12,2,85.7,Matches
226,Derrick Etienne\59059f1e,ht HAI,FWMF,Columbus Crew,24,1996,20.5,4,0,0,15,31,16,65,27,16,0,0,0,109,10,11,47.6,Matches
227,Fábio\30f90535,br BRA,FWMF,NY Red Bulls,23,1997,24.3,3,0,0,23,14,9,12,8,5,0,0,0,145,81,149,35.2,Matches
228,Diego Fagúndez\fe81682e,uy URU,MFFW,Austin FC,25,1995,28.1,5,0,0,31,26,4,40,21,20,0,1,0,177,14,20,41.2,Matches
229,Mamadou Fall\805a2a11,sn SEN,DF,Los Angeles FC,18,2002,16.8,1,0,0,19,13,1,13,47,15,0,0,0,156,42,21,66.7,Matches
230,Marco Farfan\cfc68595,us USA,DF,Los Angeles FC,22,1998,19.5,2,0,0,18,23,2,19,60,37,0,0,0,151,40,28,58.8,Matches
231,Andrew Farrell\71eda165,us USA,DF,New England,28,1992,33.0,4,0,0,21,24,0,1,56,37,0,2,1,305,46,34,57.5,Matches
232,Felipe\2415bd0a,br BRA,MF,D.C. United,30,1990,12.6,4,0,0,29,20,1,9,19,21,0,0,0,116,6,15,28.6,Matches
233,Omir Fernandez\622986f0,us USA,FWMF,NY Red Bulls,21,1999,8.6,0,0,0,5,23,2,15,17,6,0,0,0,67,4,14,22.2,Matches
234,Jesus Ferreira\f61246d8,us USA,MF,FC Dallas,20,2000,24.9,1,0,0,19,27,1,28,37,37,0,1,0,152,4,18,18.2,Matches
235,Carlos Fierro\bbd2b6b7,mx MEX,FWMF,San Jose,26,1994,12.9,1,1,0,8,23,0,55,11,7,0,0,0,52,5,15,25.0,Matches
236,Jorge Figal\91e44066,ar ARG,DF,Inter Miami,26,1994,22.3,9,1,1,37,32,2,6,60,36,0,1,0,144,24,18,57.1,Matches
237,Maynor Figueroa\d8524b21,hn HON,DF,Houston Dynamo,37,1983,9.1,4,0,0,12,13,0,3,13,8,1,1,0,85,24,15,61.5,Matches
238,Stuart Findlay\edffe99a,sct SCO,DF,Philadelphia,25,1995,4.2,0,0,0,1,3,0,1,11,4,0,0,0,30,6,7,46.2,Matches
239,Ethan Finlay\c16a59af,us USA,FW,Minnesota Utd,30,1990,19.1,0,0,0,18,21,8,32,18,15,0,1,0,108,19,33,36.5,Matches
240,Oniel Fisher\ed5fdca6,jm JAM,DF,LA Galaxy,29,1991,5.4,0,0,0,7,17,0,5,18,8,0,1,0,42,5,10,33.3,Matches
241,Leon Flach\39859fa1,us USA,MF,Philadelphia,19,2001,29.3,4,0,0,51,29,4,41,48,64,0,1,0,220,20,19,51.3,Matches
242,Edison Flores\ef2c82f8,pe PER,FWMF,D.C. United,26,1994,10.8,0,0,0,12,19,1,17,4,8,0,0,0,62,15,23,39.5,Matches
243,George Fochive\f99000bb,us USA,MF,Portland Timbers,28,1992,11.5,1,0,0,20,18,0,3,22,25,0,0,0,69,19,16,54.3,Matches
244,Anthony Fontana\1f34358e,us USA,MFFW,Philadelphia,21,1999,3.9,2,0,0,9,6,0,3,2,6,0,0,0,25,1,9,10.0,Matches
245,Andreu Fontàs\0f138d5a,es ESP,DF,Sporting KC,31,1989,33.0,2,0,0,23,12,0,1,63,35,0,0,0,304,57,48,54.3,Matches
246,Franco Fragapane\09538c47,ar ARG,FWMF,Minnesota Utd,27,1993,17.0,2,0,0,13,20,2,21,11,16,0,0,0,98,5,16,23.8,Matches
247,Waylon Francis\a3a1849f,cr CRC,DF,Columbus Crew,30,1990,14.9,4,0,0,17,13,0,20,27,16,0,0,0,94,27,23,54.0,Matches
248,Alan Franco\a548281c,ar ARG,DF,Atlanta Utd,24,1996,22.4,7,0,0,39,10,1,2,77,40,0,1,0,215,63,24,72.4,Matches
249,Przemysław Frankowski\00a8d210,pl POL,FWMF,Chicago Fire,25,1995,11.8,2,0,0,16,16,0,28,11,9,0,0,0,82,7,15,31.8,Matches
250,Liam Fraser\d784062b,ca CAN,MF,Toronto FC,22,1998,0.4,0,0,0,0,2,0,1,0,1,0,0,0,2,0,0,,Matches
251,Liam Fraser\d784062b,ca CAN,MF,Columbus Crew,22,1998,12.7,0,0,0,22,9,0,1,26,14,0,0,0,93,14,15,48.3,Matches
252,Matt Freese\2f49476c,us USA,GK,Philadelphia,22,1998,5.6,1,1,0,0,0,0,0,0,0,0,0,0,23,0,0,,Matches
253,Stefan Frei\1d0a0f3e,ch SUI,GK,Seattle,34,1986,17.0,1,0,0,0,4,0,0,0,0,0,0,0,57,0,0,,Matches
254,Alejandro Fuenmayor\77edb7ec,ve VEN,DF,Houston Dynamo,24,1996,3.0,0,0,0,6,0,0,0,15,1,0,0,0,29,4,6,40.0,Matches
255,McKinze Gaines\8ef72983,us USA,FW,Austin FC,22,1998,2.4,1,0,0,7,6,0,1,0,1,0,0,0,8,3,9,25.0,Matches
256,Jon Gallagher\9d5afdfb,ie IRL,FWMF,Austin FC,24,1996,14.1,1,0,0,12,14,6,23,5,5,0,0,0,48,16,20,44.4,Matches
257,Pedro Gallese\b76e1394,pe PER,GK,Orlando City,30,1990,22.0,1,0,0,2,1,0,0,0,0,0,0,0,105,0,0,,Matches
258,Braian Galván\bbfbd4d3,ar ARG,DFMF,Colorado Rapids,20,2000,13.4,4,0,0,9,24,0,55,17,9,0,0,0,97,4,5,44.4,Matches
259,Boniek García\889ce425,hn HON,DFMF,Houston Dynamo,36,1984,7.9,4,0,0,14,6,0,0,17,13,0,1,0,73,7,11,38.9,Matches
260,Bruno Gaspar\55ae91f0,ao ANG,DF,Vancouver,27,1993,9.9,3,0,0,12,18,1,12,19,10,0,0,0,62,13,8,61.9,Matches
261,Chase Gasper\7371ec36,us USA,DF,Minnesota Utd,25,1996,29.2,9,0,0,47,26,3,60,64,46,1,1,0,219,49,27,64.5,Matches
262,Ryan Gauld\862e93c2,sct SCO,MFFW,Vancouver,25,1995,14.5,1,0,0,25,27,2,37,21,21,0,0,0,97,14,24,36.8,Matches
263,Dániel Gazdag\527d0e31,hu HUN,MFFW,Philadelphia,24,1996,14.8,0,0,0,20,28,5,16,9,16,0,0,0,89,8,22,26.7,Matches
264,Kieran Gibbs\46ee5234,eng ENG,DF,Inter Miami,31,1989,7.7,2,0,0,4,6,2,12,8,2,0,0,1,53,6,13,31.6,Matches
265,Carles Gil\11c30a46,es ESP,MF,New England,28,1992,25.4,3,0,0,7,76,0,114,23,4,0,0,0,164,4,19,17.4,Matches
266,José Antonio Martínez Gil\8e049cbd,es ESP,DF,FC Dallas,27,1993,16.7,0,0,0,10,3,1,1,23,13,0,0,0,111,33,17,66.0,Matches
267,Gastón Giménez\ab66cc31,py PAR,MF,Chicago Fire,29,1991,21.7,4,0,0,35,17,0,23,48,42,0,0,0,233,24,33,42.1,Matches
268,Francisco Ginella\5a28a782,uy URU,MF,Los Angeles FC,22,1999,9.8,1,0,0,13,11,1,4,22,21,0,0,0,88,1,9,10.0,Matches
269,Justen Glad\5b768b0f,us USA,DF,Real Salt Lake,23,1997,31.0,8,1,1,40,13,1,8,51,26,0,1,0,272,67,52,56.3,Matches
270,Jakob Glesnes\ac65aef3,no NOR,DF,Philadelphia,26,1994,34.0,7,0,0,36,12,0,8,76,32,0,0,1,270,80,63,55.9,Matches
271,Chris Gloster\01cd3c12,us USA,DF,NYCFC,20,2000,0.8,0,0,0,0,0,0,1,4,6,0,0,0,8,0,1,0.0,Matches
272,Marcus Godinho\27854bf6,ca CAN,DF,Vancouver,23,1997,1.3,0,0,0,2,3,0,6,6,1,0,0,0,9,1,4,20.0,Matches
273,Aníbal Godoy\2d496ca3,pa PAN,MF,Nashville,30,1990,22.4,7,0,0,51,52,1,12,50,46,1,0,0,199,26,12,68.4,Matches
274,Erik Godoy\e8b80334,ar ARG,DF,Vancouver,27,1993,14.5,1,0,0,13,4,0,1,27,9,0,0,0,109,21,8,72.4,Matches
275,Yeimar Gómez Andrade\e43c8d72,co COL,DF,Seattle,28,1992,29.6,9,0,0,37,23,2,1,79,52,0,0,0,267,108,32,77.1,Matches
276,Leandro González Pirez\5ba1112c,ar ARG,DF,Inter Miami,28,1992,29.5,15,0,0,55,56,1,10,88,42,0,1,1,218,51,31,62.2,Matches
277,Omar Gonzalez\0d2fe665,us USA,DF,Toronto FC,32,1988,25.5,5,0,0,19,8,2,4,31,16,0,0,0,173,79,38,67.5,Matches
278,Samuel Grandsir\d2448564,fr FRA,FWMF,LA Galaxy,24,1996,23.1,4,0,0,29,18,8,83,24,27,0,0,0,122,4,11,26.7,Matches
279,Tayvon Gray\c839e1b2,us USA,DF,NYCFC,18,2002,4.2,1,0,0,6,5,0,10,12,3,0,0,0,24,1,6,14.3,Matches
280,Gregore\49815f34,br BRA,MF,Inter Miami,26,1994,28.2,15,2,2,78,40,0,6,42,73,0,0,0,263,28,13,68.3,Matches
281,Ján Greguš\7d974435,sk SVK,MF,Minnesota Utd,30,1991,8.6,1,0,0,15,9,0,4,14,11,0,0,0,71,13,9,59.1,Matches
282,Julian Gressel\acd47bc0,de GER,DF,D.C. United,27,1993,29.9,5,0,0,35,24,4,144,68,19,0,0,0,251,30,37,44.8,Matches
283,Adam Grinwis\0d3f30b9,us USA,GK,Orlando City,28,1992,2.0,0,0,0,0,0,0,0,0,0,0,0,0,8,0,0,,Matches
284,Sami Guediri\e3dc71a7,us USA,DF,Inter Miami,23,1997,2.3,2,0,0,4,2,1,9,8,1,0,0,0,26,1,2,33.3,Matches
285,Jack Gurr\2ade3d9e,eng ENG,DF,Atlanta Utd,25,1995,0.5,0,0,0,0,1,0,1,0,0,0,0,0,2,0,2,0.0,Matches
286,Brian Gutiérrez\d88f31db,us USA,FWMF,Chicago Fire,17,2003,6.7,1,0,0,13,10,0,7,8,6,0,0,0,48,7,9,43.8,Matches
287,Cristián Gutiérrez\6e56a4f2,cl CHI,DF,Vancouver,23,1997,17.2,1,0,0,9,6,1,23,49,19,0,0,0,118,13,20,39.4,Matches
288,Andrew Gutman\b7a23251,us USA,DF,NY Red Bulls,24,1996,20.4,2,0,0,16,29,0,40,66,23,1,1,0,229,44,24,64.7,Matches
289,Brad Guzan\d899e3bf,us USA,GK,Atlanta Utd,36,1984,29.0,1,0,0,1,7,0,0,0,0,0,1,0,127,0,0,,Matches
290,Joe Gyau\3511b4f8,us USA,DFFW,FC Cincinnati,28,1992,18.5,3,0,0,29,41,1,19,17,23,0,0,0,136,13,30,30.2,Matches
291,Luke Haakenson\77d28e45,us USA,MFFW,Nashville,23,1997,4.0,5,0,0,11,6,2,3,3,2,0,0,0,23,10,11,47.6,Matches
292,Kamron Habibullah\4deda098,ca CAN,MFFW,Vancouver,17,2003,0.4,0,0,0,0,0,0,0,0,0,0,0,0,5,0,0,,Matches
293,Teenage Hadebe\582952f2,zw ZIM,DF,Houston Dynamo,25,1995,16.5,3,0,0,24,15,1,9,45,14,0,0,0,145,41,13,75.9,Matches
294,Nick Hagglund\39632554,us USA,DF,FC Cincinnati,28,1992,18.6,1,0,0,17,11,1,13,35,28,0,0,1,122,63,31,67.0,Matches
295,Marlon Hairston\1d531c57,us USA,MF,Columbus Crew,26,1994,14.4,1,0,0,29,26,1,2,34,33,0,2,0,126,13,15,46.4,Matches
296,Siad Haji\9212f1cb,so SOM,FWMF,San Jose,21,1999,0.5,0,0,0,0,1,0,3,0,0,0,0,0,9,0,2,0.0,Matches
297,Michael Halliday\6ad5f50e,us USA,DF,Orlando City,18,2003,4.2,0,0,0,4,3,0,13,12,7,0,0,0,31,3,4,42.9,Matches
298,Niko Hämäläinen\4435db1e,fi FIN,DF,LA Galaxy,23,1997,12.7,0,0,0,11,3,0,37,23,7,0,1,1,102,13,12,52.0,Matches
299,Ahmed Hamdi\fc7c8d3d,eg EGY,MF,CF Montréal,22,1998,9.9,1,0,0,22,6,2,3,13,15,0,0,0,74,3,5,37.5,Matches
300,Bill Hamid\012fc030,us USA,GK,D.C. United,30,1990,20.2,3,0,0,0,2,0,0,0,0,0,0,0,103,0,0,,Matches
301,Niko Hansen\9bebd450,dk DEN,MFFW,Minnesota Utd,26,1994,5.0,0,0,0,7,7,2,12,5,4,0,0,0,30,3,6,33.3,Matches
302,Cameron Harper\4a78c769,us USA,FWDF,NY Red Bulls,19,2001,1.1,1,0,0,4,1,0,0,2,1,0,0,0,6,0,8,0.0,Matches
303,Nathan Harriel\b3edbeff,us USA,DF,Philadelphia,19,2001,2.0,1,0,0,7,4,0,9,1,4,0,0,0,11,3,3,50.0,Matches
304,Calvin Harris\07b0aeef,eng ENG,MFFW,FC Cincinnati,20,2000,5.0,2,0,0,5,14,2,3,6,2,0,0,0,25,5,8,38.5,Matches
305,Wilson Harris\ca0756aa,us USA,FW,Sporting KC,21,1999,2.0,0,0,0,3,1,0,2,0,2,0,0,0,7,3,11,21.4,Matches
306,Carlos Harvey\3f18600c,pa PAN,MF,LA Galaxy,20,2000,1.5,1,0,0,5,2,0,0,4,3,0,0,0,14,1,1,50.0,Matches
307,Jordan Harvey\bb78f8a5,us USA,DF,Los Angeles FC,37,1984,0.1,0,0,0,0,0,0,0,0,1,0,0,0,3,0,2,0.0,Matches
308,Thomas Hasal\86bac87b,ca CAN,GK,Vancouver,21,1999,7.0,0,0,0,0,2,0,0,0,0,0,0,0,41,0,0,,Matches
309,Jacori Hayes\d2173b7b,us USA,MF,Minnesota Utd,25,1995,5.8,3,0,0,18,15,0,1,14,16,0,0,0,43,1,13,7.1,Matches
310,Héber\d552c4a1,br BRA,FW,NYCFC,29,1991,1.1,0,0,0,3,2,1,1,0,0,0,0,0,4,2,11,15.4,Matches
311,Matt Hedges\5e2a4d0e,us USA,DF,FC Dallas,30,1990,16.0,6,0,0,14,6,0,0,34,12,0,2,0,111,47,24,66.2,Matches
312,Fabian Herbers\5cbf5ccd,de GER,MFFW,Chicago Fire,27,1993,20.3,8,0,0,34,32,1,33,30,23,0,0,0,168,25,29,46.3,Matches
313,Felipe Hernandez\31a4d0b8,us USA,MF,Sporting KC,22,1998,4.5,0,0,0,4,7,1,3,10,8,0,0,0,37,3,3,50.0,Matches
314,Javier Hernández\189cee7b,mx MEX,FW,LA Galaxy,32,1988,19.2,4,0,0,31,52,10,14,2,15,2,0,0,53,15,24,38.5,Matches
315,Ronald Hernández\de907bab,ve VEN,DF,Atlanta Utd,23,1997,7.0,2,0,0,12,8,1,19,13,8,0,0,0,40,5,6,45.5,Matches
316,Aaron Herrera\d86e3070,us USA,DF,Real Salt Lake,23,1997,27.9,7,0,0,43,12,1,97,44,45,0,0,1,249,23,27,46.0,Matches
317,Federico Higuaín\ef8fc24c,ar ARG,MFFW,Inter Miami,36,1984,9.0,2,0,0,12,11,3,19,7,8,1,0,0,59,1,9,10.0,Matches
318,Gonzalo Higuaín\8a08491a,ar ARG,FW,Inter Miami,33,1987,27.2,4,0,0,20,38,27,19,7,14,0,0,0,91,14,25,35.9,Matches
319,Brendan Hines-Ike\b807c1dc,us USA,DF,D.C. United,26,1994,11.7,4,0,0,20,5,1,2,31,9,0,0,1,85,17,13,56.7,Matches
320,Danny Hoesen\5ef1939b,nl NED,FW,Austin FC,30,1991,3.4,0,0,0,1,4,2,1,1,1,0,0,0,11,7,5,58.3,Matches
321,Ian Hoffmann\c0243229,de GER,DF,Houston Dynamo,19,2001,2.8,1,0,0,5,3,0,3,5,6,0,0,0,18,4,2,66.7,Matches
322,Ryan Hollingshead\28b58797,us USA,DF,FC Dallas,29,1991,29.6,3,0,0,42,27,3,36,58,33,0,0,0,221,55,34,61.8,Matches
323,Erik Holt\3677d047,us USA,DF,Real Salt Lake,24,1996,15.1,3,0,0,11,2,0,5,21,6,0,0,0,141,31,37,45.6,Matches
324,Adrien Hunou\d14229f3,fr FRA,FW,Minnesota Utd,27,1994,19.0,2,0,0,16,28,14,8,5,5,0,0,0,70,23,55,29.5,Matches
325,Erik Hurtado\b11e6f2b,us USA,FWMF,Columbus Crew,30,1990,3.3,3,0,0,7,0,1,2,4,3,0,0,0,9,5,11,31.3,Matches
326,Erik Hurtado\b11e6f2b,us USA,FW,CF Montréal,30,1990,3.2,0,0,0,4,1,3,4,1,0,0,0,0,15,2,6,25.0,Matches
327,Emerson Hyndman\3be1a627,us USA,MFFW,Atlanta Utd,24,1996,6.9,2,0,0,13,5,1,2,8,9,0,1,0,38,3,14,17.6,Matches
328,Franco Ibarra\db6540c5,ar ARG,MF,Atlanta Utd,19,2001,8.7,1,0,0,30,27,0,3,20,21,0,0,0,65,18,10,64.3,Matches
329,Sebastien Ibeagha\41ba8175,us USA,DF,Los Angeles FC,29,1992,7.4,2,0,0,7,2,0,0,7,10,0,0,0,69,20,10,66.7,Matches
330,Sebastien Ibeagha\41ba8175,us USA,DF,NYCFC,29,1992,3.9,3,0,0,9,4,0,0,3,4,0,1,0,30,13,12,52.0,Matches
331,Sunusi Ibrahim\796994e5,ng NGA,FW,CF Montréal,18,2002,10.2,2,0,0,11,14,8,4,6,7,0,0,0,50,21,23,47.7,Matches
332,Milan Iloski\4f87c75f,us USA,FW,Real Salt Lake,21,1999,0.0,0,0,0,0,0,0,0,0,0,0,0,0,0,0,0,,Matches
333,Ilsinho\aa8683ae,br BRA,DFMF,Philadelphia,35,1985,0.9,0,0,0,3,0,0,0,0,0,0,0,0,8,0,0,,Matches
334,Arnór Ingvi Traustason\7d036b4a,is ISL,MFFW,New England,27,1993,16.1,6,2,2,19,19,2,11,21,11,0,0,0,95,13,21,38.2,Matches
335,Clint Irwin\c1205184,us USA,GK,Colorado Rapids,31,1989,1.0,0,0,0,0,0,0,0,0,0,0,0,0,4,0,0,,Matches
336,Nicolas Isimat-Mirin\14e8e9d7,fr FRA,DF,Sporting KC,29,1991,10.5,4,0,0,14,7,1,1,20,13,0,0,0,77,25,11,69.4,Matches
337,Aljaž Ivačič\4d6e50d8,si SVN,GK,Portland Timbers,27,1993,4.6,0,0,0,0,2,0,0,0,0,0,0,0,25,0,0,,Matches
338,Stanislav Ivanov\0cafba94,bg BUL,FW,Chicago Fire,21,1999,5.8,1,0,0,7,4,3,12,5,6,0,0,0,20,4,6,40.0,Matches
339,Robin Jansson\8ca5c176,se SWE,DF,Orlando City,29,1991,26.9,6,0,0,24,10,0,1,49,30,0,0,0,210,38,23,62.3,Matches
340,Franco Jara\413cce14,ar ARG,FW,FC Dallas,32,1988,14.0,7,0,0,35,38,11,14,5,7,0,0,0,70,21,40,34.4,Matches
341,Andres Jasson\31d049b2,us USA,DFFW,NYCFC,19,2002,7.6,3,0,0,18,41,1,8,16,12,0,0,0,47,2,7,22.2,Matches
342,Cal Jennings\44f6672a,us USA,FW,Los Angeles FC,23,1997,1.4,0,0,0,2,0,1,2,0,0,0,0,0,9,2,4,33.3,Matches
343,Hector Jiménez\2dc1e90e,us USA,DF,Austin FC,32,1988,18.0,2,1,0,15,23,0,47,29,23,0,0,0,131,24,20,54.5,Matches
344,Bjørn Johnsen\02ee4c77,no NOR,FW,CF Montréal,29,1991,9.9,0,0,0,15,15,9,3,3,8,0,0,0,37,29,29,50.0,Matches
345,Sean Johnson\c164335e,us USA,GK,NYCFC,31,1989,29.0,1,0,0,0,3,0,0,0,0,0,0,0,166,0,0,,Matches
346,Alistair Johnston\4fb17e20,ca CAN,DF,Nashville,22,1998,23.8,3,0,0,32,14,0,65,29,27,0,0,0,143,21,12,63.6,Matches
347,Ismaila Jome\26f559ba,us USA,DF,Portland Timbers,26,1994,0.1,0,0,0,0,0,0,1,0,1,0,0,0,0,0,0,,Matches
348,DeJuan Jones\10d1139c,us USA,DF,New England,23,1997,28.3,2,1,0,23,36,0,81,75,43,0,0,0,267,32,28,53.3,Matches
349,Derrick Jones\93c92d6c,us USA,MF,Houston Dynamo,23,1997,12.5,4,0,0,34,19,0,0,25,24,0,0,0,114,32,21,60.4,Matches
350,Joevin Jones\fc23d956,tt TRI,DF,Inter Miami,29,1991,5.8,1,0,0,6,10,0,9,10,5,0,0,0,36,6,4,60.0,Matches
351,Jony\60665492,ar ARG,MFFW,Real Salt Lake,26,1994,9.9,2,0,0,12,19,0,33,7,9,0,0,0,57,0,7,0.0,Matches
352,Dejan Joveljić\95a24690,rs SRB,FW,LA Galaxy,21,1999,8.0,3,0,0,11,16,1,3,3,1,0,0,0,26,9,12,42.9,Matches
353,Judson\e1535f82,br BRA,MFDF,San Jose,27,1993,18.4,10,1,1,52,18,0,3,50,52,0,2,0,174,19,17,52.8,Matches
354,Anderson Julio\f907a6a8,ec ECU,FWMF,Real Salt Lake,24,1996,11.4,1,0,0,13,8,6,19,13,8,0,1,0,64,14,22,38.9,Matches
355,Florian Jungwirth\f179c207,de GER,DFMF,San Jose,32,1989,12.1,1,0,0,11,14,0,3,12,9,0,1,1,90,21,15,58.3,Matches
356,Florian Jungwirth\f179c207,de GER,DF,Vancouver,32,1989,12.5,2,0,0,6,6,0,2,23,10,0,0,0,98,23,18,56.1,Matches
357,Sam Junqua\91981d97,us USA,DF,Houston Dynamo,24,1996,17.9,4,0,0,22,16,0,33,46,22,0,1,0,125,36,27,57.1,Matches
358,Brent Kallman\2b24702b,us USA,DF,Minnesota Utd,30,1990,14.2,1,0,0,11,13,0,2,45,10,0,0,0,121,31,6,83.8,Matches
359,Ola Kamara\e134351a,no NOR,FW,D.C. United,31,1989,20.2,0,0,0,25,25,16,19,7,7,2,0,0,77,62,72,46.3,Matches
360,Alec Kann\4a8af93c,us USA,GK,Atlanta Utd,30,1990,5.0,0,0,0,0,0,0,0,0,0,0,0,0,27,0,0,,Matches
361,Johan Kappelhof\465015a5,nl NED,DFMF,Chicago Fire,30,1990,13.6,4,1,0,27,8,0,4,33,16,0,0,1,99,32,23,58.2,Matches
362,Wilfrid Kaptoum\d717630e,cm CMR,MFFW,New England,24,1996,9.9,4,0,0,22,8,0,8,9,13,0,0,0,90,8,8,50.0,Matches
363,Mark-Anthony Kaye\36a38acd,ca CAN,MFFW,Colorado Rapids,26,1994,12.2,2,0,0,17,12,3,8,8,9,0,0,0,67,18,21,46.2,Matches
364,Mark-Anthony Kaye\36a38acd,ca CAN,MF,Los Angeles FC,26,1994,8.4,0,0,0,15,16,1,9,16,15,0,0,0,97,12,19,38.7,Matches
365,Aboubacar Keita\85fbf1e4,us USA,DF,Columbus Crew,20,2000,10.6,2,0,0,9,12,0,3,20,6,0,0,0,64,16,13,55.2,Matches
366,Jon Kempin\063adc5e,us USA,GK,D.C. United,27,1993,9.8,0,0,0,0,1,0,0,0,0,0,0,0,57,0,0,,Matches
367,Henry Kessler\23c75879,us USA,DF,New England,22,1998,24.9,6,0,0,24,16,0,1,42,17,0,0,0,175,67,55,54.9,Matches
368,Logan Ketterer\927c3059,us USA,GK,Portland Timbers,27,1993,3.0,0,0,0,0,0,0,0,0,0,0,0,0,17,0,0,,Matches
369,Benjamin Kikanovic\fe11d61b,us USA,FW,San Jose,21,2000,8.9,0,0,0,12,20,6,11,9,5,0,0,0,33,24,14,63.2,Matches
370,Gadi Kinda\d4a2f24c,il ISR,MFFW,Sporting KC,26,1994,22.6,5,0,0,47,72,6,30,24,33,0,0,0,150,10,25,28.6,Matches
371,Perry Kitchen\19ec49ee,us USA,MF,Columbus Crew,28,1992,2.3,2,0,0,6,2,0,0,5,5,0,0,0,21,3,6,33.3,Matches
372,Edward Kizza\2f2c0ab1,ug UGA,FW,New England,22,1998,2.9,0,0,0,7,3,0,1,0,2,0,0,0,9,7,11,38.9,Matches
373,Mustafa Kizza\4db20877,ug UGA,DF,CF Montréal,21,1999,7.3,1,0,0,8,3,0,33,8,5,0,0,0,43,4,6,40.0,Matches
374,Freddy Kleemann\e068bed0,us USA,DF,Austin FC,21,1999,0.5,1,0,0,2,0,0,0,0,0,0,0,0,7,1,2,33.3,Matches
375,Patryk Klimala\0bf3c11c,pl POL,FW,NY Red Bulls,22,1998,23.1,6,0,0,42,27,29,36,6,6,0,0,0,123,34,117,22.5,Matches
376,Jonathan Klinsmann\1e29552f,us USA,GK,LA Galaxy,23,1997,3.0,0,0,0,0,0,0,0,0,0,0,0,0,11,0,0,,Matches
377,Sacha Kljestan\73682895,us USA,MFFW,LA Galaxy,35,1985,15.6,3,0,0,24,20,0,19,17,25,0,0,0,161,25,13,65.8,Matches
378,Brad Knighton\9903a3cb,us USA,GK,New England,35,1985,6.0,0,0,0,0,2,0,0,0,0,0,0,0,32,0,0,,Matches
379,Žan Kolmanič\4501fd21,si SVN,DF,Austin FC,20,2000,23.4,3,0,0,15,10,3,65,36,17,0,0,0,139,16,16,50.0,Matches
380,Franko Kovačević\dbe0034f,hr CRO,FW,FC Cincinnati,21,1999,0.5,0,0,0,1,1,0,1,0,0,0,0,0,3,0,1,0.0,Matches
381,Damir Kreilach\068be155,hr CRO,MFFW,Real Salt Lake,31,1989,31.9,8,0,0,57,64,10,12,14,15,0,0,0,172,135,134,50.2,Matches
382,Yuya Kubo\cba16a46,jp JPN,MF,FC Cincinnati,27,1993,26.0,6,0,0,61,39,0,11,56,65,1,0,0,211,16,15,51.6,Matches
383,Matt LaGrassa\c9b098db,us USA,MF,Nashville,28,1993,4.1,2,0,0,8,3,0,1,11,12,0,0,0,35,0,6,0.0,Matches
384,Foster Langsdorf\48319bb3,us USA,FW,Minnesota Utd,25,1995,0.4,0,0,0,0,1,0,2,0,1,0,0,0,3,1,2,33.3,Matches
385,Lassi Lappalainen\bcb2282d,fi FIN,DFFW,CF Montréal,22,1998,6.2,0,0,0,1,4,0,13,8,14,0,0,0,45,7,6,53.8,Matches
386,Jesús David Murillo Largacha\68d48a71,co COL,DF,Los Angeles FC,26,1994,30.5,9,0,0,42,18,0,0,78,31,0,0,0,257,74,33,69.2,Matches
387,Oliver Larraz\ecdbe767,us USA,MFFW,Colorado Rapids,19,2001,0.3,0,0,0,1,0,0,1,1,2,0,0,0,1,1,1,50.0,Matches
388,Richie Laryea\276fdbe4,ca CAN,DFFW,Toronto FC,26,1995,25.5,4,0,0,35,86,7,35,38,41,1,1,0,158,6,14,30.0,Matches
389,Ariel Lassiter\bd7b916c,cr CRC,FWMF,Houston Dynamo,26,1994,6.0,1,0,0,5,7,3,14,2,5,0,0,0,33,0,9,0.0,Matches
390,Vuk Latinovich\5c0e047a,us USA,DF,NYCFC,23,1997,1.1,0,0,0,0,1,0,0,4,1,0,0,1,13,3,2,60.0,Matches
391,Kemar Lawrence\80be3efe,jm JAM,DF,Toronto FC,28,1992,21.3,2,1,0,10,18,0,31,35,22,0,0,0,182,35,21,62.5,Matches
392,Randall Leal\874a5031,cr CRC,MFFW,Nashville,24,1997,23.9,2,0,0,45,64,4,72,23,31,0,0,0,210,15,18,45.5,Matches
393,Kelvin Leerdam\d8b47705,sr SUR,DF,Inter Miami,30,1990,19.0,4,0,0,19,4,1,14,36,19,0,1,0,111,30,26,53.6,Matches
394,Nico Lemoine\8ccbbaf8,us USA,FW,Houston Dynamo,20,2000,0.7,0,0,0,2,2,1,0,0,1,0,0,0,3,0,2,0.0,Matches
395,Brooks Lennon\ec80ba72,us USA,DF,Atlanta Utd,23,1997,29.4,0,0,0,19,26,5,126,44,27,1,0,0,163,26,36,41.9,Matches
396,Jonathan Lewis\2501eb59,us USA,FWMF,Colorado Rapids,23,1997,14.5,1,0,0,14,10,16,24,6,10,1,0,0,53,12,18,40.0,Matches
397,Danny Leyva\ecc3a9c9,us USA,MF,Seattle,17,2003,9.7,4,0,0,27,24,0,8,21,11,0,0,0,93,7,10,41.2,Matches
398,Nick Lima\959686eb,us USA,DF,Austin FC,26,1994,22.2,4,0,0,13,23,1,50,35,26,0,0,0,151,37,19,66.1,Matches
399,Jaylin Lindsey\83cb6e59,us USA,DF,Sporting KC,20,2000,10.2,3,0,0,11,4,1,25,19,14,0,0,0,79,20,12,62.5,Matches
400,Sebastian Lletget\73019c31,us USA,MFFW,LA Galaxy,28,1992,20.3,0,0,0,27,33,3,37,21,20,0,0,0,95,20,17,54.1,Matches
401,Jürgen Locadia\6cc47ae1,nl NED,FWMF,FC Cincinnati,27,1993,4.0,0,0,0,8,8,1,3,6,5,0,0,0,15,3,13,18.8,Matches
402,Robin Lod\33c69aa0,fi FIN,FW,Minnesota Utd,27,1993,20.1,1,0,0,31,24,8,16,14,26,0,0,0,104,16,49,24.6,Matches
403,Nicolás Lodeiro\fe81d0d1,uy URU,MFFW,Seattle,31,1989,5.1,0,0,0,4,15,3,12,5,6,0,0,0,39,1,6,14.3,Matches
404,David Loera\0fae98f1,us USA,MF,Orlando City,22,1998,0.2,0,0,0,1,1,0,1,0,0,0,0,0,2,0,0,,Matches
405,Aaron Long\46b89640,us USA,DF,NY Red Bulls,28,1992,5.0,1,0,0,9,2,0,2,16,8,0,0,0,48,29,7,80.6,Matches
406,Erik López\af793b82,py PAR,FWMF,Atlanta Utd,19,2001,9.7,4,0,0,14,20,4,7,10,5,0,0,0,43,2,18,10.0,Matches
407,Lisandro López\bc55bb5a,ar ARG,FW,Atlanta Utd,37,1983,1.6,0,0,0,0,2,0,0,0,0,0,0,0,3,0,3,0.0,Matches
408,Marcos López\9b3ab988,pe PER,DF,San Jose,21,1999,15.7,5,0,0,26,38,0,31,51,12,0,0,0,102,22,19,53.7,Matches
409,Marvin Loría\71380d87,cr CRC,FWMF,Portland Timbers,23,1997,12.3,1,0,0,13,28,1,25,29,9,0,0,0,56,6,17,26.1,Matches
410,Daniel Lovitz\db97d838,us USA,DF,Nashville,29,1991,25.6,6,0,0,27,14,0,67,31,24,0,1,0,202,29,15,65.9,Matches
411,Everton Luiz\3799e138,br BRA,MF,Real Salt Lake,32,1988,18.4,7,0,0,37,36,0,2,38,37,0,0,0,171,15,10,60.0,Matches
412,Adam Lundqvist\91769a24,se SWE,DF,Houston Dynamo,26,1994,21.6,1,0,0,31,32,1,50,55,35,0,0,0,157,19,19,50.0,Matches
413,Larrys Mabiala\5bdec47f,cd COD,DF,Portland Timbers,33,1987,20.4,6,0,0,27,10,3,5,44,13,0,0,0,148,42,17,71.2,Matches
414,Aimé Mabika\3a37d349,zm ZAM,DF,Inter Miami,22,1998,2.0,0,0,0,2,3,0,0,4,2,0,0,0,17,2,1,66.7,Matches
415,Maciel\a39d51e0,br BRA,MF,New England,21,2000,13.8,1,0,0,17,8,0,3,24,29,0,0,0,89,4,17,19.0,Matches
416,Emanuel Maciel\934fdf16,ar ARG,MF,CF Montréal,23,1997,9.8,2,0,0,11,12,0,1,17,17,0,0,0,106,9,7,56.3,Matches
417,Zac MacMath\06caac45,us USA,GK,Real Salt Lake,29,1991,6.5,0,0,0,0,1,0,0,0,0,0,0,0,32,0,0,,Matches
418,Christian Mafla\f379bc1e,co COL,DF,New England,28,1993,5.7,1,0,0,14,7,0,9,11,11,0,0,0,38,6,8,42.9,Matches
419,Talles Magno\64c98878,br BRA,FWMF,NYCFC,18,2002,5.0,0,0,0,8,17,3,5,3,4,0,0,0,36,9,10,47.4,Matches
420,Jack Maher\0c6f2fa6,us USA,DF,Nashville,21,1999,17.1,1,0,0,16,7,0,2,43,13,0,1,0,98,26,32,44.8,Matches
421,Christian Makoun\7efffe65,ve VEN,DF,Inter Miami,20,2000,22.5,3,0,0,29,7,0,18,40,26,1,1,0,140,23,17,57.5,Matches
422,Machop Malual\1701b012,ss SSD,FW,Atlanta Utd,22,1998,4.7,0,0,0,6,3,4,6,7,2,0,0,0,14,4,11,26.7,Matches
423,Kekuta Manneh\4d735ad6,us USA,FWMF,Austin FC,26,1994,3.8,0,0,0,3,5,0,7,2,3,0,0,0,29,3,7,30.0,Matches
424,J.T. Marcinkowski\977791f4,us USA,GK,San Jose,23,1997,33.0,2,0,0,1,5,0,0,0,0,0,1,0,148,0,0,,Matches
425,Marko Marić\b57454c7,hr CRO,GK,Houston Dynamo,25,1996,22.0,0,0,0,0,1,0,0,1,0,0,0,1,98,0,0,,Matches
426,Paul Marie\da0bb55a,fr FRA,DF,San Jose,25,1995,11.1,3,0,0,20,20,0,23,21,17,0,0,0,95,18,17,51.4,Matches
427,Jahkeele Marshall-Rutty\b9459f85,ca CAN,FWDF,Toronto FC,16,2004,4.7,1,0,0,6,8,2,15,9,11,0,0,0,30,3,5,37.5,Matches
428,Nick Marsman\f352799f,nl NED,GK,Inter Miami,30,1990,21.3,0,0,0,0,1,0,0,0,1,0,0,0,120,0,0,,Matches
429,Douglas Martinez\3e7ebb9a,hn HON,FW,Real Salt Lake,23,1997,0.6,0,0,0,0,3,0,1,0,0,0,0,0,4,4,4,50.0,Matches
430,Josef Martínez\e73f0aa1,ve VEN,FW,Atlanta Utd,27,1993,18.2,0,1,0,6,27,15,1,6,2,1,0,0,49,15,25,37.5,Matches
431,Luís Martins\56b7c09b,pt POR,DF,Sporting KC,28,1992,32.8,1,0,0,33,16,3,86,53,36,0,0,0,298,27,28,49.1,Matches
432,Emmanuel Más\b9385e1f,ar ARG,DF,Orlando City,32,1989,7.6,0,0,0,9,5,0,16,20,11,0,0,0,62,11,6,64.7,Matches
433,Alexandru Mățan\3bd3bcc4,ro ROU,FWMF,Columbus Crew,21,1999,8.9,1,0,0,11,19,0,12,10,5,0,0,0,59,0,6,0.0,Matches
434,Rónald Matarrita\491862dd,cr CRC,DF,FC Cincinnati,26,1994,21.8,7,0,0,32,18,7,44,54,30,0,0,0,169,9,15,37.5,Matches
435,Blaise Matuidi\c0cddebe,fr FRA,MF,Inter Miami,33,1987,25.4,6,0,0,41,37,0,9,53,40,0,0,0,148,32,22,59.3,Matches
436,Jimmy Maurer\ca1c6f3d,us USA,GK,FC Dallas,32,1988,23.7,3,0,0,0,3,0,0,0,0,0,0,0,89,0,0,,Matches
437,José Mauri\644faf10,it ITA,MF,Sporting KC,24,1996,6.7,0,0,0,4,12,0,0,16,6,0,0,0,59,6,4,60.0,Matches
438,Chris Mavinga\fda36cfb,cd COD,DF,Toronto FC,29,1991,18.6,3,0,0,19,13,0,1,25,19,0,1,0,135,52,17,75.4,Matches
439,Olivier Mbaizo\f6315619,cm CMR,DF,Philadelphia,23,1997,27.6,7,0,0,32,25,5,106,58,26,0,0,0,241,34,33,50.7,Matches
440,John McCarthy\249362e9,us USA,GK,Inter Miami,28,1992,12.7,0,0,0,0,4,0,0,0,0,0,0,0,65,0,0,,Matches
441,Dax McCarty\b74e58c0,us USA,MF,Nashville,33,1987,22.9,6,1,0,31,35,2,6,43,35,0,0,0,224,14,15,48.3,Matches
442,Jack McGlynn\e2b8c25c,us USA,MF,Philadelphia,17,2003,7.1,0,0,0,7,5,0,12,12,13,0,0,0,61,7,4,63.6,Matches
443,Zac McGraw\83129dc7,us USA,DF,Portland Timbers,23,1997,3.1,0,0,0,2,2,0,0,7,4,0,0,0,13,11,2,84.6,Matches
444,Justin McMaster\7256a113,jm JAM,FWMF,Minnesota Utd,21,1999,1.5,0,0,0,3,5,0,4,2,4,0,0,0,14,2,5,28.6,Matches
445,Thomas McNamara\ab36595d,us USA,MF,New England,29,1991,21.9,4,0,0,28,25,1,16,19,29,0,0,0,163,11,21,34.4,Matches
446,Jesús Medina\7c4628c4,py PAR,FWMF,NYCFC,23,1997,25.0,8,0,0,28,31,4,37,16,20,1,0,0,179,8,25,24.2,Matches
447,Álvaro Medrán\31223bcf,es ESP,MF,Chicago Fire,26,1994,25.4,5,0,0,31,64,1,41,53,39,0,0,0,243,19,26,42.2,Matches
448,Jimmy Medranda\6f7ac622,co COL,DFMF,Seattle,26,1994,14.4,2,0,0,20,11,0,59,36,35,0,0,0,98,7,14,33.3,Matches
449,Haris Medunjanin\de5d5d41,ba BIH,MF,FC Cincinnati,35,1985,17.2,1,0,0,9,5,1,29,22,8,0,0,0,136,4,8,33.3,Matches
450,Phelipe Megiolaro\73aaa27d,br BRA,GK,FC Dallas,21,1999,10.3,1,0,0,0,3,0,0,0,0,0,0,0,56,0,0,,Matches
451,Tim Melia\cc741f50,us USA,GK,Sporting KC,34,1986,28.0,2,0,0,1,2,0,0,0,0,0,1,0,116,0,0,,Matches
452,Jhegson Méndez\db0c5324,ec ECU,MF,Orlando City,23,1997,13.2,6,0,0,27,12,0,2,27,26,0,1,0,124,8,7,53.3,Matches
453,Jonathan Mensah\8087e6cb,gh GHA,DF,Columbus Crew,30,1990,28.2,5,0,0,23,9,1,3,64,11,1,2,0,228,96,46,67.6,Matches
454,Justin Meram\ae34c71d,iq IRQ,FWMF,Real Salt Lake,32,1988,15.5,5,0,0,18,23,1,44,25,12,1,0,0,93,22,16,57.9,Matches
455,Romain Métanire\0fb21da9,mg MAD,DF,Minnesota Utd,30,1990,28.4,2,1,0,21,25,0,92,68,38,0,0,0,252,33,26,55.9,Matches
456,Patrick Metcalfe\427e3820,ca CAN,DFMF,Vancouver,22,1998,4.1,1,0,0,6,3,0,3,8,3,0,1,0,22,9,8,52.9,Matches
457,Nicolás Mezquida\00b629e1,uy URU,MFFW,Colorado Rapids,29,1992,7.3,2,0,0,17,19,1,5,9,7,1,0,0,59,7,19,26.9,Matches
458,Benji Michel\151ca25f,us USA,FWMF,Orlando City,23,1997,20.8,3,0,0,25,38,4,18,18,7,2,0,0,102,26,32,44.8,Matches
459,Djordje Mihailovic\83cf9719,us USA,MFFW,CF Montréal,22,1998,31.1,4,0,0,31,85,3,62,30,26,1,0,0,153,22,27,44.9,Matches
460,Matko Miljevic\74b76abc,us USA,FWMF,CF Montréal,19,2001,1.6,0,0,0,3,6,0,0,2,4,0,0,0,7,1,1,50.0,Matches
461,Eric Miller\c0593f5d,us USA,DF,Nashville,28,1993,11.7,0,0,0,9,5,0,10,22,10,0,0,0,65,15,10,60.0,Matches
462,Kamal Miller\0646bd8a,ca CAN,DF,CF Montréal,23,1997,26.4,5,0,0,21,15,1,10,46,10,0,1,0,197,34,31,52.3,Matches
463,Tyler Miller\7827a6b3,us USA,GK,Minnesota Utd,27,1993,30.0,0,0,0,2,5,0,0,0,0,0,2,0,158,1,0,100.0,Matches
464,Kamohelo Mokotjo\7832f692,za RSA,MF,FC Cincinnati,29,1991,5.1,1,0,0,6,7,0,1,10,1,0,0,0,45,4,7,36.4,Matches
465,Kevin Molino\371645ca,tt TRI,FWMF,Columbus Crew,30,1990,6.4,0,0,0,7,8,0,9,12,7,0,0,0,53,2,7,22.2,Matches
466,Alex Monis\66db9e72,us USA,FW,Chicago Fire,17,2003,0.2,0,0,0,0,0,0,0,0,0,0,0,0,3,0,0,,Matches
467,Jamiro Monteiro\d384bddd,cv CPV,MFFW,Philadelphia,27,1993,25.5,7,0,0,54,72,4,50,51,51,0,0,0,208,5,15,25.0,Matches
468,Fredy Montero\bc5b5be5,co COL,FWMF,Seattle,33,1987,16.4,1,0,0,24,45,5,19,12,22,0,0,0,89,29,43,40.3,Matches
469,Lucas Monzón\312755e2,uy URU,DF,NY Red Bulls,19,2001,0.3,0,0,0,0,0,0,0,2,0,0,0,0,0,1,0,100.0,Matches
470,Kim Moon-Hwan\6bce7dd8,kr KOR,DF,Los Angeles FC,25,1995,19.8,0,0,0,10,17,1,36,51,19,0,0,0,144,12,10,54.5,Matches
471,Drew Moor\220cf869,us USA,DF,Colorado Rapids,37,1984,3.4,0,0,0,0,0,0,0,6,1,0,0,0,22,4,2,66.7,Matches
472,Felipe Mora\f4b0ea46,cl CHI,FW,Portland Timbers,27,1993,22.5,0,0,0,8,42,4,9,9,5,1,0,0,81,41,60,40.6,Matches
473,Joseph Mora\2af71023,cr CRC,DF,D.C. United,28,1993,17.0,5,1,1,17,16,2,23,38,31,0,0,0,136,20,34,37.0,Matches
474,Alfredo Morales\ff45add5,us USA,MFDF,NYCFC,30,1990,19.8,6,1,1,44,17,0,3,39,31,0,0,0,208,42,26,61.8,Matches
475,Maximiliano Moralez\f99f37fc,ar ARG,MFFW,NYCFC,33,1987,26.5,4,1,0,45,68,5,70,23,26,0,0,0,167,10,33,23.3,Matches
476,Steven Moreira\f10983ae,fr FRA,DF,Columbus Crew,26,1994,5.8,0,0,0,7,4,1,21,10,8,0,0,0,38,8,5,61.5,Matches
477,Junior Moreno\5dcb4ac4,ve VEN,MF,D.C. United,27,1993,23.8,5,0,0,45,14,1,5,47,44,0,0,0,231,13,17,43.3,Matches
478,Marcelino Moreno\058c938c,ar ARG,MFFW,Atlanta Utd,26,1994,28.7,5,0,0,30,118,3,59,21,24,3,0,0,187,6,29,17.1,Matches
479,Santiago Moreno\3261d0e4,co COL,FWMF,Portland Timbers,20,2000,3.9,1,0,0,7,6,0,3,7,16,0,0,0,35,6,9,40.0,Matches
480,Ashtone Morgan\caece619,ca CAN,DF,Real Salt Lake,29,1991,4.2,2,0,0,4,3,0,3,2,0,0,0,0,38,3,3,50.0,Matches
481,Lewis Morgan\b675e328,sct SCO,FWDF,Inter Miami,24,1996,31.3,0,0,0,24,44,4,117,31,25,1,0,0,166,17,26,39.5,Matches
482,Jordan Morris\bd298d0d,us USA,FWMF,Seattle,26,1994,0.8,0,0,0,2,0,0,2,0,2,0,0,0,4,1,2,33.3,Matches
483,Justin Morrow\0bee5512,us USA,DF,Toronto FC,33,1987,10.9,1,0,0,6,9,4,6,17,9,0,0,0,58,15,8,65.2,Matches
484,Kyle Morton\3f394ec5,us USA,GK,Houston Dynamo,26,1994,1.0,0,0,0,0,0,0,0,0,0,0,0,0,7,0,0,,Matches
485,João Moutinho\a0aee24e,pt POR,DF,Orlando City,23,1998,14.4,2,0,0,13,14,2,38,33,12,0,1,0,108,24,16,60.0,Matches
486,Chris Mueller\a5334099,us USA,FWMF,Orlando City,24,1996,18.2,6,0,0,33,38,3,38,13,10,0,0,0,87,16,25,39.0,Matches
487,Hany Mukhtar\87fe8526,de GER,FWMF,Nashville,25,1995,27.7,6,0,0,40,76,14,59,18,24,0,0,0,142,8,48,14.3,Matches
488,Patrick Mullins\a03a84d3,us USA,FWMF,Toronto FC,28,1992,8.9,2,0,0,15,10,2,2,3,5,0,0,0,32,20,31,39.2,Matches
489,Jake Mulraney\0f04858e,ie IRL,FWDF,Atlanta Utd,24,1996,12.5,2,1,0,9,40,7,40,18,5,0,0,0,56,9,13,40.9,Matches
490,Eddie Munjoma\0e1f6ffa,us USA,DF,FC Dallas,22,1998,5.2,2,0,0,9,3,0,13,8,7,0,0,0,36,7,6,53.8,Matches
491,Daniel Musovski\925a2703,us USA,FWMF,Los Angeles FC,25,1995,7.9,3,0,0,23,16,4,2,7,9,1,0,0,31,23,30,43.4,Matches
492,Alex Muyl\2c1025bf,us USA,MFFW,Nashville,25,1995,17.1,5,0,0,41,23,5,20,26,30,1,0,0,141,19,27,41.3,Matches
493,Darlington Nagbe\6219c704,us USA,MF,Columbus Crew,30,1990,32.3,2,0,0,29,68,0,3,43,30,0,0,0,292,26,19,57.8,Matches
494,Andy Najar\f8280175,hn HON,DF,D.C. United,27,1993,21.3,5,0,0,29,33,0,17,71,27,2,0,1,203,45,22,67.2,Matches
495,Younes Namli\1a672e2d,dk DEN,MFFW,Colorado Rapids,26,1994,5.9,2,0,0,5,13,0,7,8,6,0,0,0,44,3,4,42.9,Matches
496,Nani\15e9c7e6,pt POR,FWMF,Orlando City,34,1986,20.3,4,1,1,17,29,5,69,12,14,1,0,0,124,25,22,53.2,Matches
497,Federico Navarro\61c628be,ar ARG,MF,Chicago Fire,20,2000,10.8,4,0,0,32,3,0,4,40,28,0,1,0,124,9,2,81.8,Matches
498,Miguel Navarro\3fbff39a,ve VEN,DF,Chicago Fire,21,1999,24.7,5,0,0,36,58,6,67,37,29,0,0,0,166,24,26,48.0,Matches
499,Dylan Nealis\24f4dd87,us USA,DF,Nashville,22,1998,1.7,1,0,0,2,0,0,3,0,2,0,0,0,4,1,0,100.0,Matches
500,Sean Nealis\8c1b17b3,us USA,DF,NY Red Bulls,24,1997,27.0,4,0,0,30,15,0,0,66,20,0,1,0,351,147,73,66.8,Matches
501,Jayden Nelson\92305a81,ca CAN,FWMF,Toronto FC,18,2002,2.8,0,0,0,3,5,1,3,3,3,0,0,0,22,1,3,25.0,Matches
502,John Nelson\df8c4d49,us USA,DF,FC Dallas,22,1998,6.2,0,0,0,6,7,0,15,12,2,0,0,0,41,7,11,38.9,Matches
503,Michael Nelson\f4a12161,us USA,GK,Houston Dynamo,25,1995,11.0,0,0,0,1,0,0,0,0,0,0,1,0,51,0,0,,Matches
504,Jake Nerwinski\2b5801d0,us USA,DF,Vancouver,26,1994,19.1,2,0,0,18,18,1,11,36,19,0,0,0,146,32,17,65.3,Matches
505,Michee Ngalina\9837830f,cd COD,FW,Los Angeles FC,20,2000,0.6,0,0,0,1,1,0,1,0,1,0,0,0,2,1,2,33.3,Matches
506,Jarosław Niezgoda\60c659b6,pl POL,FW,Portland Timbers,25,1995,2.9,0,0,0,0,2,0,0,2,1,0,0,0,14,7,8,46.7,Matches
507,Chinonso Nnamdi Offor\dc590664,ng NGA,FW,Chicago Fire,20,2000,14.7,4,0,0,41,22,9,6,5,13,0,0,0,74,79,61,56.4,Matches
508,Moses Nyeman\09d33255,us USA,MF,D.C. United,17,2003,8.9,2,1,0,19,11,0,3,21,18,0,0,0,85,3,8,27.3,Matches
509,Shane O'Neill\a62a56b4,us USA,DF,Seattle,27,1993,20.6,3,0,0,17,12,0,0,27,22,0,1,1,136,34,25,57.6,Matches
510,Jáder Obrian\1471b2a8,co COL,FW,FC Dallas,25,1995,24.2,7,0,0,39,46,22,29,15,27,3,1,0,133,16,31,34.0,Matches
511,David Ochoa\dba6b279,us USA,GK,Real Salt Lake,20,2001,25.0,2,0,0,0,8,0,0,0,0,0,0,0,106,0,0,,Matches
512,Chris Odoi-Atsem\375ec69e,us USA,DF,D.C. United,25,1995,4.2,0,0,0,6,2,0,7,8,5,0,0,0,32,3,6,33.3,Matches
513,Noble Okello\6bc16162,ca CAN,MF,Toronto FC,20,2000,9.5,1,1,0,10,7,0,3,18,15,0,0,0,74,13,11,54.2,Matches
514,Wyatt Omsberg\cd44ba68,us USA,DF,Chicago Fire,25,1995,8.4,2,1,0,9,5,3,1,18,5,0,0,0,60,33,20,62.3,Matches
515,Kwadwo Opoku\226a288e,gh GHA,FW,Los Angeles FC,19,2001,2.8,0,0,0,5,5,0,1,2,2,0,0,0,13,4,6,40.0,Matches
516,Arquimides Ordonez\8941d9b2,us USA,FWDF,FC Cincinnati,17,2003,0.4,0,0,0,1,0,0,3,2,2,0,0,0,4,0,0,,Matches
517,Jonathan Osorio\70106ff6,ca CAN,MFFW,Toronto FC,28,1992,18.3,2,0,0,21,27,4,18,24,23,0,0,0,120,7,13,35.0,Matches
518,Leonard Owusu\a06c6c8a,gh GHA,MF,Vancouver,23,1997,11.8,2,0,0,17,21,1,4,24,11,0,0,0,113,12,13,48.0,Matches
519,Diego Palacios\6ec37f2e,ec ECU,DFMF,Los Angeles FC,21,1999,19.5,2,0,0,40,17,1,48,50,47,0,0,0,189,19,28,40.4,Matches
520,James Pantemis\901408ac,ca CAN,GK,CF Montréal,23,1997,18.0,0,0,0,0,1,0,0,1,0,0,0,1,92,0,0,,Matches
521,Cristhian Paredes\0d8a2551,py PAR,MF,Portland Timbers,22,1998,13.2,6,0,0,15,15,1,2,30,16,0,0,1,123,14,11,56.0,Matches
522,Kevin Paredes\5c50fdbc,us USA,DFFW,D.C. United,17,2003,17.1,4,0,0,18,50,3,27,42,35,2,0,0,125,8,13,38.1,Matches
523,Isaiah Parente\6dbc74d6,us USA,MFFW,Columbus Crew,20,2000,2.4,1,0,0,4,3,0,0,2,4,0,0,0,19,4,4,50.0,Matches
524,Tim Parker\4988a44d,us USA,DF,Houston Dynamo,27,1993,34.0,3,0,0,26,10,0,7,39,12,1,0,0,244,72,30,70.6,Matches
525,Keaton Parks\77986763,us USA,MF,NYCFC,23,1997,27.1,3,2,1,45,24,4,14,43,44,0,0,0,217,43,29,59.7,Matches
526,Tyler Pasher\3a7bec1b,ca CAN,FW,Houston Dynamo,26,1994,9.4,0,0,0,6,6,5,31,3,5,0,0,0,44,3,4,42.9,Matches
527,Alexandre Pato\7dd83c7d,br BRA,FWMF,Orlando City,31,1989,1.2,0,0,0,0,2,1,0,0,0,0,0,0,4,0,0,,Matches
528,João Paulo Mior\b96aa1d6,br BRA,MF,Seattle,29,1991,28.2,7,0,0,62,57,0,55,40,65,0,1,0,336,22,27,44.9,Matches
529,Jason Pendant\22fe9049,fr FRA,DF,NY Red Bulls,23,1997,0.1,0,0,0,0,0,0,0,0,0,0,0,0,1,0,0,,Matches
530,Joshua Penn\29c8decb,us USA,FW,Inter Miami,20,2000,0.2,0,0,0,0,1,0,0,0,0,0,0,0,1,1,0,100.0,Matches
531,Ricardo Pepi\a2b1ed42,us USA,FW,FC Dallas,18,2003,23.2,1,0,0,20,20,10,11,14,12,0,0,0,91,21,55,27.6,Matches
532,Andrés Perea\7e1dbecf,us USA,MFFW,Orlando City,20,2000,19.3,3,1,0,26,19,2,3,20,39,0,0,0,163,31,24,56.4,Matches
533,Daniel Pereira\b8862e65,ve VEN,MF,Austin FC,20,2000,17.3,7,0,0,36,32,0,5,28,23,0,0,0,103,7,11,38.9,Matches
534,Mauricio Pereyra\f45eb18d,uy URU,MF,Orlando City,30,1990,24.0,5,0,0,52,53,0,21,21,25,1,0,0,145,15,30,33.3,Matches
535,Adrien Perez\298a167b,us USA,FWMF,D.C. United,25,1995,9.7,0,0,0,21,19,3,22,14,12,0,0,0,74,12,25,32.4,Matches
536,Jonathan Perez\41e57408,us USA,FWDF,LA Galaxy,18,2003,0.2,0,0,0,0,0,0,2,1,0,0,0,0,4,0,1,0.0,Matches
537,Manny Perez\27162b95,us USA,FWMF,Austin FC,21,1999,4.2,0,0,0,3,2,1,1,5,4,0,0,0,22,2,8,20.0,Matches
538,Jordan Perruzza\edc8791f,ca CAN,FW,Toronto FC,20,2001,1.6,0,0,0,2,3,1,1,2,1,0,0,0,6,2,0,100.0,Matches
539,Tom Pettersson\c1268aa3,se SWE,DF,FC Cincinnati,30,1990,4.0,0,0,0,2,2,0,0,9,3,0,0,0,19,11,5,68.8,Matches
540,Fafà Picault\dbaa10c0,us USA,FWMF,Houston Dynamo,29,1991,27.3,9,0,0,43,49,31,83,34,17,1,0,0,167,74,83,47.1,Matches
541,Samuel Piette\bc33c73b,ca CAN,MF,CF Montréal,26,1994,19.0,5,0,0,33,28,0,3,36,32,0,0,0,173,25,17,59.5,Matches
542,Mauricio Pineda\e0c17cde,us USA,DFMF,Chicago Fire,23,1997,26.7,5,0,0,35,23,0,5,56,32,0,0,0,233,43,37,53.8,Matches
543,Rodrigo Piñeiro\d2a78b5e,uy URU,MF,Nashville,21,1999,0.1,0,0,0,0,1,0,1,0,0,0,0,0,3,0,1,0.0,Matches
544,Donovan Pines\7bd25363,us USA,DF,D.C. United,22,1998,15.4,2,0,0,15,10,2,1,40,25,0,0,0,148,72,35,67.3,Matches
545,Rodolfo Pizarro\4b49ed54,mx MEX,FWMF,Inter Miami,26,1994,18.8,3,0,0,23,41,1,11,16,13,1,0,0,115,10,22,31.3,Matches
546,Tomas Pochettino\fb36aa6b,ar ARG,MFFW,Austin FC,24,1996,24.7,3,0,0,23,36,2,50,40,32,0,0,0,171,16,21,43.2,Matches
547,Andy Polo\d886b9b9,pe PER,FWMF,Portland Timbers,26,1994,2.0,0,0,0,1,1,0,2,1,3,0,0,0,14,0,5,0.0,Matches
548,Matt Polster\d1d418f8,us USA,MF,New England,27,1993,25.3,7,0,0,47,32,0,7,68,45,0,0,0,232,54,25,68.4,Matches
549,Paxton Pomykal\c1f0fb45,us USA,FWMF,FC Dallas,21,1999,16.8,3,0,0,35,45,4,39,24,31,0,0,0,81,20,21,48.8,Matches
550,Justin Portillo\b7aa9657,us USA,MF,Real Salt Lake,28,1992,0.2,0,0,0,0,0,0,0,0,1,0,0,0,2,1,0,100.0,Matches
551,Noah Powder\503561e4,tt TRI,DF,Real Salt Lake,22,1998,3.2,1,0,0,4,5,0,9,6,5,0,0,0,29,1,3,25.0,Matches
552,Alvas Powell\2f91124d,jm JAM,DF,Philadelphia,26,1994,3.4,2,0,0,5,9,0,7,13,6,0,2,0,25,0,0,,Matches
553,Alejandro Pozuelo\5e1280ff,es ESP,MFFW,Toronto FC,29,1991,15.0,2,0,0,16,35,1,35,10,10,0,0,0,101,6,21,22.2,Matches
554,Jack Price\6217c92d,eng ENG,MF,Colorado Rapids,28,1992,28.1,9,0,0,35,22,0,46,39,21,0,0,0,223,10,6,62.5,Matches
555,Ralph Priso-Mbongue\acb3e899,ca CAN,MF,Toronto FC,18,2002,6.3,3,0,0,17,7,0,1,18,13,0,0,1,47,10,5,66.7,Matches
556,Kacper Przybyłko\4c53a714,pl POL,FW,Philadelphia,27,1993,29.5,2,0,0,24,26,13,26,7,8,0,0,1,127,81,103,44.0,Matches
557,Alan Pulido\b3085df7,mx MEX,FW,Sporting KC,29,1991,16.1,1,0,0,12,43,5,14,4,10,1,0,0,64,9,30,23.1,Matches
558,John Pulskamp\6b306c92,us USA,GK,Sporting KC,19,2001,6.0,0,0,0,0,0,0,0,0,0,0,0,0,30,1,0,100.0,Matches
559,Roberto Punčec\a97afc61,hr CRO,DF,Sporting KC,29,1991,1.4,2,0,0,2,0,0,0,5,3,0,0,0,10,6,2,75.0,Matches
560,Andrew Putna\5ba8a3f3,us USA,GK,Real Salt Lake,26,1994,2.5,0,0,0,0,1,0,0,0,0,0,0,0,10,0,0,,Matches
561,Álvaro Quezada\621a4365,us USA,DF,Los Angeles FC,21,1999,0.2,0,0,0,0,0,0,1,0,0,0,0,0,3,0,0,,Matches
562,Facundo Quignon\5b33b84c,ar ARG,MF,FC Dallas,27,1993,14.8,2,0,0,26,20,0,3,31,30,0,0,0,115,18,13,58.1,Matches
563,Darwin Quintero\0cc00553,co COL,MFFW,Houston Dynamo,33,1987,11.3,2,0,0,10,20,1,25,12,14,0,0,0,76,5,11,31.3,Matches
564,Romell Quioto\122e850d,hn HON,FW,CF Montréal,29,1991,13.7,2,0,0,23,29,11,18,4,1,0,0,0,47,8,19,29.6,Matches
565,Kaveh Rad\ec7cb356,us USA,DF,Sporting KC,19,2001,2.7,0,0,0,2,0,0,1,5,2,0,0,0,21,2,0,100.0,Matches
566,Jukka Raitala\67b054d1,fi FIN,DF,Minnesota Utd,32,1988,6.0,0,0,0,8,2,0,2,8,2,0,0,0,33,12,14,46.2,Matches
567,Christian Ramirez\316d5521,us USA,FW,Houston Dynamo,29,1991,1.0,0,0,0,0,0,0,0,1,0,0,0,0,4,2,8,20.0,Matches
568,Ryan Raposo\f006a9b3,ca CAN,MFFW,Vancouver,21,1999,4.2,0,0,0,5,11,1,11,5,7,0,1,0,31,2,8,20.0,Matches
569,Rayan Raveloson\fb3236a7,mg MAD,MFDF,LA Galaxy,24,1997,21.4,2,0,0,29,31,0,2,44,43,0,1,0,187,25,17,59.5,Matches
570,Matthew Real\1c2c030a,us USA,DFMF,Philadelphia,21,1999,1.7,1,0,0,3,1,0,2,5,3,0,0,0,9,8,1,88.9,Matches
571,Rodney Redes\426c3982,py PAR,FWMF,Austin FC,20,2000,8.0,0,0,0,2,22,2,16,5,3,0,0,0,40,13,19,40.6,Matches
572,Eric Remedi\38e2cbd6,ar ARG,MF,San Jose,25,1995,26.2,13,0,0,72,109,0,5,67,62,0,0,0,270,19,23,45.2,Matches
573,Justin Rennicks\0aaa1c04,us USA,FW,New England,21,1999,0.0,0,0,0,2,1,0,0,0,0,0,0,0,0,0,0,,Matches
574,Andrés Reyes\36ab14f5,co COL,DF,NY Red Bulls,21,1999,15.7,7,1,1,39,22,0,1,48,25,0,0,0,181,57,23,71.3,Matches
575,Yordy Reyna\eec316d9,pe PER,FWMF,D.C. United,27,1993,10.5,2,0,0,11,31,5,13,10,5,2,0,0,78,9,28,24.3,Matches
576,Emanuel Reynoso\614b26e3,ar ARG,MFFW,Minnesota Utd,25,1995,26.5,8,1,0,58,107,2,69,27,43,1,0,0,198,18,45,28.6,Matches
577,Andrés Ricaurte\4db5b8cb,co COL,MF,FC Dallas,29,1991,10.9,5,0,0,23,29,0,13,18,17,0,0,0,108,12,13,48.0,Matches
578,Spencer Richey\d9178ea2,us USA,GK,Seattle,28,1992,2.0,0,0,0,0,0,0,0,0,0,0,0,0,4,0,0,,Matches
579,Tosaint Ricketts\54769358,ca CAN,FW,Vancouver,33,1987,2.1,1,0,0,4,2,2,2,1,2,0,0,0,13,11,21,34.4,Matches
580,Alexander Ring\6c1221d6,fi FIN,MF,Austin FC,29,1991,30.0,7,2,2,52,35,0,7,55,58,0,1,0,266,26,27,49.1,Matches
581,Andrés Ríos\f825bd33,ar ARG,FWMF,San Jose,31,1989,10.7,3,0,0,19,25,6,8,7,10,0,0,0,61,29,16,64.4,Matches
582,Damien Rivera\2822f3dd,us USA,MF,New England,18,2002,0.3,0,0,0,1,0,0,0,0,0,0,0,0,1,0,0,,Matches
583,Nigel Robertha\a94bad97,nl NED,FWMF,D.C. United,22,1998,10.5,1,0,0,16,21,3,4,6,3,0,0,0,38,17,42,28.8,Matches
584,Miles Robinson\782a95d9,us USA,DF,Atlanta Utd,23,1997,25.5,1,0,0,24,18,0,1,55,34,0,0,0,194,72,26,73.5,Matches
585,Robbie Robinson\e0dae99f,us USA,FWMF,Inter Miami,22,1998,15.2,5,0,0,26,36,14,16,10,10,0,0,0,58,18,35,34.0,Matches
586,Tony Rocha\85538cdd,bz BLZ,MFFW,NYCFC,27,1993,0.3,0,0,0,1,0,1,0,0,0,0,0,0,8,0,1,0.0,Matches
587,Brian Rodríguez\c86041d7,uy URU,FWMF,Los Angeles FC,20,2000,11.3,1,0,0,15,28,2,26,8,5,1,0,0,78,1,17,5.6,Matches
588,Memo Rodriguez\fc6c6b2b,us USA,MFFW,Houston Dynamo,25,1995,17.4,3,0,0,32,27,4,34,16,21,0,0,0,107,14,37,27.5,Matches
589,Santiago Rodríguez\86dff811,uy URU,FWMF,NYCFC,21,2000,10.9,1,0,0,22,30,2,19,13,23,0,0,0,84,13,24,35.1,Matches
590,Alex Roldan\1255a82a,sv SLV,DF,Seattle,24,1996,25.2,5,0,0,17,35,1,73,51,30,0,0,0,183,22,24,47.8,Matches
591,Cristian Roldan\48875649,us USA,MFFW,Seattle,25,1995,26.2,1,0,0,17,50,2,66,27,26,2,0,0,194,56,58,49.1,Matches
592,Jhohan Romaña\4e32c2d6,co COL,DF,Austin FC,22,1998,20.0,5,0,0,23,8,0,1,31,19,0,1,0,124,46,24,65.7,Matches
593,Tomas Romero\3349dcba,sv SLV,GK,Los Angeles FC,20,2000,18.0,2,0,0,1,2,0,0,0,1,0,0,0,90,0,0,,Matches
594,David Romney\b7b6e781,us USA,DF,Nashville,27,1993,33.0,0,0,0,8,10,0,33,46,11,0,1,1,202,74,60,55.2,Matches
595,Eloy Room\6b33d86b,cw CUW,GK,Columbus Crew,31,1989,30.0,1,0,0,0,1,0,0,0,0,0,0,0,143,0,0,,Matches
596,Joseph Rosales\6a29d06b,hn HON,MFFW,Minnesota Utd,20,2000,1.2,0,0,0,3,1,0,0,2,3,0,0,0,9,1,1,50.0,Matches
597,Andy Rose\a16d3560,au AUS,DF,Vancouver,30,1990,18.3,1,0,0,3,3,0,1,22,9,0,0,0,108,29,22,56.9,Matches
598,Oriol Rosell\2a17ef3e,es ESP,MF,Orlando City,28,1992,5.7,2,0,0,12,3,0,0,17,14,0,0,0,63,7,6,53.8,Matches
599,Keegan Rosenberry\f940c69e,us USA,DF,Colorado Rapids,27,1993,29.6,2,0,0,23,12,1,40,58,24,0,0,0,228,32,24,57.1,Matches
600,Matheus Rossetto\daf8c775,br BRA,MF,Atlanta Utd,24,1996,15.6,2,0,0,25,12,1,4,25,21,0,0,0,132,4,12,25.0,Matches
601,Diego Rossi\a81dba8c,uy URU,FW,Los Angeles FC,22,1998,18.4,2,0,0,6,19,9,6,10,6,0,0,0,71,9,15,37.5,Matches
602,Kelyn Rowe\cf928adb,us USA,MFDF,Seattle,29,1991,24.5,2,0,0,45,50,1,47,37,45,0,0,0,225,38,33,53.5,Matches
603,Daniel Royer\a92a4407,at AUT,FWMF,NY Red Bulls,30,1990,5.5,0,0,0,8,15,2,6,3,4,0,0,0,32,41,29,58.6,Matches
604,Ruan\f2665f7c,br BRA,DF,Orlando City,25,1995,20.9,1,0,0,17,27,6,66,18,13,0,0,0,137,15,11,57.7,Matches
605,Rubio Rubin\9bad7100,us USA,FW,Real Salt Lake,24,1996,24.8,0,0,0,14,47,12,16,6,3,1,0,0,60,35,79,30.7,Matches
606,Diego Rubio\3f082234,cl CHI,FWMF,Colorado Rapids,27,1993,18.4,7,0,0,26,52,11,22,11,19,0,0,0,66,47,47,50.0,Matches
607,Raúl Ruidíaz\7a4296e1,pe PER,FW,Seattle,30,1990,23.9,5,0,0,21,34,13,7,6,2,1,0,0,91,17,54,23.9,Matches
608,Pablo Ruíz\7368cd70,ar ARG,MF,Real Salt Lake,22,1998,22.8,7,0,0,48,13,1,13,61,39,0,0,0,210,7,18,28.0,Matches
609,Albert Rusnák\0adeafaa,sk SVK,MFFW,Real Salt Lake,26,1994,33.8,6,0,0,23,33,1,46,25,16,0,0,0,203,4,27,12.9,Matches
610,Johnny Russell\a30e1562,sct SCO,FW,Sporting KC,30,1990,24.7,1,0,0,26,49,4,73,20,12,1,0,0,109,29,26,52.7,Matches
611,Shea Salinas\4c10838d,us USA,DFFW,San Jose,34,1986,15.5,3,0,0,19,15,3,41,22,12,0,0,0,98,10,16,38.5,Matches
612,Dániel Sallói\6fcddf5f,hu HUN,FW,Sporting KC,24,1996,27.3,4,0,0,12,37,6,51,22,13,1,0,0,124,12,27,30.8,Matches
613,Ilie Sánchez\72979f65,es ESP,DFMF,Sporting KC,30,1990,27.9,6,0,0,31,23,2,1,56,26,0,1,0,257,64,28,69.6,Matches
614,James Sands\dccd127f,us USA,DFMF,NYCFC,20,2000,25.1,7,0,0,36,36,0,0,42,28,0,0,0,241,60,27,69.0,Matches
615,Sergio Santos Gomes\a930b263,br BRA,FWMF,Philadelphia,26,1994,15.1,5,0,0,27,30,12,29,4,16,2,1,0,77,37,76,32.7,Matches
616,Pedro Santos\789da0f2,pt POR,FWDF,Columbus Crew,32,1988,28.4,5,0,0,52,62,1,79,36,55,1,0,0,194,23,35,39.7,Matches
617,C.J. Sapong\ef4e4c5d,us USA,FW,Nashville,32,1988,24.5,1,0,0,35,49,10,14,15,5,0,0,0,78,114,80,58.8,Matches
618,Rodrigo Schlegel\5bb02df4,ar ARG,DF,Orlando City,23,1997,17.5,6,0,0,34,17,0,1,25,26,0,0,1,107,30,23,56.6,Matches
619,Szabolcs Schön\d5ff481a,hu HUN,FW,FC Dallas,20,2000,10.6,5,0,0,13,23,1,21,11,12,0,0,0,72,7,16,30.4,Matches
620,Kyle Scott\1c24aacf,eng ENG,MF,FC Cincinnati,23,1997,1.0,0,0,0,2,3,0,1,0,2,0,0,0,9,0,2,0.0,Matches
621,Dante Sealy\620ae69c,us USA,FWMF,FC Dallas,17,2003,0.8,0,0,0,2,4,0,1,0,0,0,0,0,7,3,1,75.0,Matches
622,Eddie Segura\c70e3fe0,co COL,DF,Los Angeles FC,23,1997,14.3,0,0,0,15,7,0,1,28,19,0,0,0,147,28,15,65.1,Matches
623,Chris Seitz\8b388dd5,us USA,GK,D.C. United,33,1987,4.0,0,0,0,0,1,0,0,0,0,0,0,0,20,0,0,,Matches
624,Amar Sejdic\43ca2019,us USA,MF,Atlanta Utd,24,1996,4.7,1,0,0,9,2,0,1,6,9,0,0,0,44,2,3,40.0,Matches
625,Amar Sejdic\43ca2019,us USA,MF,CF Montréal,24,1996,4.3,0,0,0,12,4,0,2,8,10,0,0,0,35,0,0,,Matches
626,Boris Sekulić\adf26bd4,sk SVK,DF,Chicago Fire,29,1991,25.6,3,0,0,23,15,3,66,33,36,0,0,1,177,38,39,49.4,Matches
627,Brandon Servania\4d825a2d,us USA,MF,FC Dallas,21,1999,10.5,2,0,0,18,9,0,6,21,12,0,0,0,89,12,9,57.1,Matches
628,Jacob Shaffelburg\339a2561,ca CAN,FWMF,Toronto FC,21,1999,11.0,1,0,0,9,16,3,54,17,6,0,0,0,57,5,6,45.5,Matches
629,Ryan Shawcross\285a3d44,eng ENG,DF,Inter Miami,33,1987,9.1,1,1,0,7,3,0,0,11,5,0,0,0,48,20,9,69.0,Matches
630,Brek Shea\adb6ae24,us USA,DFFW,Inter Miami,30,1990,18.6,3,0,0,13,24,0,37,15,13,0,0,0,90,27,21,56.3,Matches
631,Khiry Shelton\f935709c,us USA,FW,Sporting KC,27,1993,24.8,0,0,0,26,41,5,14,13,15,2,0,0,108,43,61,41.3,Matches
632,Andre Shinyashiki\8c395868,br BRA,FWMF,Colorado Rapids,25,1995,15.9,4,0,0,23,24,6,14,17,16,0,0,0,93,18,32,36.0,Matches
633,Bobby Shuttleworth\4598ac94,us USA,GK,Chicago Fire,33,1987,23.0,0,0,0,0,2,0,0,0,0,0,0,0,111,0,0,,Matches
634,Marcelo Silva\b9596515,uy URU,DF,Real Salt Lake,31,1989,19.0,2,0,0,20,10,0,1,34,14,0,1,1,120,39,17,69.6,Matches
635,Luke Singh\9ae196a0,tt TRI,DF,Toronto FC,20,2000,5.0,1,0,0,3,1,0,0,14,1,0,0,0,30,7,9,43.8,Matches
636,Pablo Sisniega\550557e1,mx MEX,GK,Los Angeles FC,25,1995,8.0,0,0,0,0,1,0,0,0,0,0,0,0,40,0,0,,Matches
637,Jack Skahan\9c07bdc7,us USA,MFDF,San Jose,22,1998,2.8,0,0,0,3,4,0,4,3,7,0,0,0,37,4,7,36.4,Matches
638,Drew Skundrich\51f50135,us USA,MFFW,D.C. United,25,1995,12.8,2,0,0,28,18,0,7,17,12,0,0,0,126,19,27,41.3,Matches
639,Gabriel Slonina\c55a846e,us USA,GK,Chicago Fire,16,2004,11.0,1,0,0,1,2,0,0,0,0,0,0,0,49,0,0,,Matches
640,Brad Smith\c76c717c,au AUS,DF,Seattle,26,1994,18.1,1,0,0,17,10,3,41,15,14,0,1,0,99,7,10,41.2,Matches
641,Kimarni Smith\bbbb244b,eng ENG,FW,D.C. United,22,1998,1.1,0,0,0,1,1,1,0,0,2,0,0,0,7,3,5,37.5,Matches
642,Kyle Smith\9e6b2ec3,us USA,DF,Orlando City,29,1992,19.9,4,0,0,20,6,1,36,38,36,0,0,0,172,28,24,53.8,Matches
643,Erik Sorga\02ba67a2,ee EST,FW,D.C. United,21,1999,2.8,0,0,0,3,5,1,0,1,0,0,0,0,9,3,10,23.1,Matches
644,Santiago Sosa\f080dd22,ar ARG,MFDF,Atlanta Utd,21,1999,24.4,8,0,0,55,17,0,6,51,41,0,0,0,234,46,35,56.8,Matches
645,Yeferson Soteldo\bbb6c951,ve VEN,FW,Toronto FC,23,1997,19.3,5,0,0,10,53,15,80,14,6,0,0,0,89,7,19,26.9,Matches
646,Omar Sowe\310fd6d8,gm GAM,FW,NY Red Bulls,20,2000,0.2,0,0,0,0,0,1,0,1,0,0,0,0,0,0,3,0.0,Matches
647,Dayne St. Clair\3f41d25f,ca CAN,GK,Minnesota Utd,23,1997,4.0,0,0,0,0,0,0,0,0,0,0,0,0,29,0,0,,Matches
648,Mason Stajduhar\f01df62c,us USA,GK,Orlando City,23,1997,5.0,0,0,0,0,0,0,0,0,0,0,0,0,18,0,0,,Matches
649,Caleb Stanko\381e52af,us USA,MFDF,FC Cincinnati,27,1993,13.0,6,0,0,29,8,0,2,20,18,0,0,0,76,13,7,65.0,Matches
650,Aedan Stanley\61cd3bcf,us USA,DF,Austin FC,21,1999,2.6,1,0,0,5,1,1,7,4,3,0,0,0,13,1,3,25.0,Matches
651,Daniel Steres\17c03c76,us USA,DF,LA Galaxy,30,1990,12.6,1,0,0,14,2,2,0,23,9,0,1,0,89,37,14,72.5,Matches
652,Luka Stojanović\1a892191,rs SRB,MF,Chicago Fire,27,1994,15.0,3,0,0,36,26,0,18,19,22,0,0,0,109,26,27,49.1,Matches
653,Jared Stroud\5d018899,us USA,FWMF,Austin FC,24,1996,12.9,5,0,0,29,18,13,44,12,12,0,0,0,79,3,13,18.8,Matches
654,Aljaž Struna\b82c2982,si SVN,DF,CF Montréal,30,1990,15.9,6,0,0,37,6,0,2,22,14,0,1,0,95,30,8,78.9,Matches
655,Brad Stuver\6a1940d5,us USA,GK,Austin FC,29,1991,33.0,2,0,0,0,7,0,0,0,0,0,0,0,156,0,0,,Matches
656,Quinn Sullivan\92f62cfe,us USA,FWMF,Philadelphia,16,2004,6.0,1,0,0,9,1,1,11,5,1,0,0,0,43,3,16,15.8,Matches
657,Hunter Sulte\92823044,us USA,GK,Portland Timbers,18,2002,1.3,0,0,0,0,0,0,0,0,0,0,0,0,8,0,0,,Matches
658,Ben Sweat\6937b1ac,us USA,DF,Austin FC,29,1991,1.0,0,0,0,1,0,0,2,0,0,0,0,0,6,2,0,100.0,Matches
659,Ballou Tabla\018bd079,ca CAN,DFMF,CF Montréal,21,1999,0.2,0,0,0,0,1,0,0,0,0,0,0,0,4,0,1,0.0,Matches
660,Ismael Tajouri-Shradi\ef4249ff,ly LBY,FWMF,NYCFC,26,1994,13.7,2,0,0,15,18,5,12,8,6,1,0,0,95,4,20,16.7,Matches
661,Andrew Tarbell\c5487a34,us USA,GK,Austin FC,27,1993,1.0,0,0,0,0,1,0,0,0,0,0,0,0,7,0,0,,Matches
662,Amro Tarek\52c930c0,eg EGY,DF,NY Red Bulls,28,1992,9.6,4,0,0,14,4,0,5,23,12,0,1,0,87,30,21,58.8,Matches
663,D.J. Taylor\ed4dc7f4,us USA,DF,Minnesota Utd,23,1997,6.9,2,0,0,11,8,0,16,29,14,0,0,0,66,10,7,58.8,Matches
664,Russell Teibert\674befe9,ca CAN,MF,Vancouver,28,1992,26.8,1,0,0,18,13,2,25,53,20,0,0,0,195,5,19,20.8,Matches
665,Carlos Terán\324509e2,co COL,DF,Chicago Fire,20,2000,10.8,5,0,0,17,10,0,22,25,15,0,1,1,100,21,13,61.8,Matches
666,Tanner Tessmann\ac277993,us USA,MF,FC Dallas,19,2001,5.0,1,0,0,8,2,0,3,6,10,0,1,1,46,12,8,60.0,Matches
667,Thiago\6adb0b79,br BRA,FW,NYCFC,20,2000,10.8,3,1,0,23,9,2,11,11,11,0,0,0,62,7,15,31.8,Matches
668,Tommy Thompson\5f6c69d8,us USA,DF,San Jose,25,1995,8.3,1,0,0,6,7,0,11,25,13,0,0,0,66,8,4,66.7,Matches
669,Anton Tinnerholm\0fe96099,se SWE,DF,NYCFC,29,1991,22.3,2,0,0,29,12,5,50,32,25,0,0,0,200,13,22,37.1,Matches
670,Donny Toia\d286f965,us USA,DF,Real Salt Lake,28,1992,14.7,4,0,0,15,4,1,21,31,12,0,0,0,114,23,17,57.5,Matches
671,John Tolkin\5e88c524,us USA,DFMF,NY Red Bulls,18,2002,22.1,2,0,0,14,29,2,40,50,30,0,0,0,232,22,16,57.9,Matches
672,Nouhou Tolo\0796512f,cm CMR,DF,Seattle,23,1997,16.2,5,0,0,14,27,0,8,48,25,0,0,0,118,26,21,55.3,Matches
673,Erick Torres\b7f98460,mx MEX,FW,Atlanta Utd,28,1993,7.0,3,0,0,11,25,2,1,1,9,0,1,0,30,29,31,48.3,Matches
674,Joaquín Torres\c82dcb70,ar ARG,FWMF,CF Montréal,24,1997,21.0,0,0,0,12,46,3,37,9,5,1,0,0,111,3,13,18.8,Matches
675,Dantouma Toure\b5d2014f,gn GUI,FW,Colorado Rapids,16,2004,0.0,1,0,0,1,0,1,0,0,0,0,0,0,0,0,0,,Matches
676,Mason Toye\0aa41f67,us USA,FW,CF Montréal,22,1998,9.9,1,0,0,13,10,3,5,4,5,1,0,0,19,8,13,38.1,Matches
677,Wil Trapp\9bf9391c,us USA,MF,Minnesota Utd,28,1993,30.3,5,0,0,46,29,0,13,43,40,0,1,0,322,29,29,50.0,Matches
678,Auston Trusty\cddf767b,us USA,DF,Colorado Rapids,22,1998,33.0,4,0,0,38,11,1,9,89,39,0,0,0,237,88,40,68.8,Matches
679,Bill Tuiloma\bf547c54,nz NZL,DF,Portland Timbers,25,1995,20.1,5,1,1,23,10,0,6,40,18,0,0,0,133,50,38,56.8,Matches
680,Cole Turner\30ec7b37,us USA,DF,Philadelphia,19,2001,0.1,0,0,0,0,0,0,1,0,0,0,0,0,0,0,0,,Matches
681,Matt Turner\4a51ba65,us USA,GK,New England,26,1994,28.0,0,0,0,0,5,0,0,0,0,0,0,0,129,0,0,,Matches
682,Ema Twumasi\9ca4b140,gh GHA,DF,FC Dallas,23,1997,18.9,7,0,0,39,15,1,29,35,28,0,1,0,158,7,21,25.0,Matches
683,Przemysław Tytoń\1fa85681,pl POL,GK,FC Cincinnati,34,1987,14.3,0,0,0,0,1,0,0,0,0,0,0,0,57,0,0,,Matches
684,Victor Ulloa\e7056f05,us USA,MFDF,Inter Miami,28,1992,13.8,2,0,0,20,13,1,4,24,17,0,0,0,102,16,18,47.1,Matches
685,Maximiliano Urruti\6c8fb474,ar ARG,FW,Houston Dynamo,29,1991,24.9,4,0,0,35,39,12,18,8,16,0,0,0,115,4,25,13.8,Matches
686,Júnior Urso\b40424f1,br BRA,MF,Orlando City,31,1989,27.6,7,0,0,35,74,0,2,47,42,0,0,0,190,34,21,61.8,Matches
687,Zarek Valentin\f0d23e7b,pr PUR,DF,Houston Dynamo,29,1991,26.6,5,0,0,34,11,0,20,51,35,0,1,2,199,36,38,48.6,Matches
688,Milton Valenzuela\82318d24,ar ARG,DF,Columbus Crew,22,1998,9.7,2,0,0,12,7,0,10,21,16,0,0,0,79,9,7,56.3,Matches
689,Diego Valeri\31da63ad,ar ARG,MFFW,Portland Timbers,34,1986,13.7,6,0,0,22,26,7,40,6,8,0,0,0,82,18,16,52.9,Matches
690,Gustavo Vallecilla\2ce88662,ec ECU,DF,FC Cincinnati,21,1999,22.2,7,0,0,31,8,1,1,56,25,0,0,0,158,45,34,57.0,Matches
691,Florian Valot\ad454d78,fr FRA,MFFW,FC Cincinnati,27,1993,3.7,2,0,0,7,5,0,3,9,3,0,0,0,25,6,2,75.0,Matches
692,Florian Valot\ad454d78,fr FRA,MFDF,NY Red Bulls,27,1993,1.1,0,0,0,1,0,0,3,2,1,0,0,0,9,2,1,66.7,Matches
693,José Van Rankin\09ce2ebe,mx MEX,DF,Portland Timbers,27,1993,27.2,4,0,0,37,16,3,43,52,37,1,3,0,199,22,16,57.9,Matches
694,Freddy Vargas\3c1e61cf,ve VEN,FW,FC Dallas,21,1999,6.0,2,0,0,12,10,2,18,9,11,0,0,0,41,2,3,40.0,Matches
695,Obed Vargas\9cc1fde4,us USA,FW,Seattle,15,2005,0.8,0,0,0,0,1,0,0,1,1,0,0,0,5,0,0,,Matches
696,Indiana Vassilev\04e195ee,us USA,FWMF,Inter Miami,19,2001,8.9,0,0,0,6,11,0,3,3,2,0,0,0,41,3,6,33.3,Matches
697,Brandon Vazquez\c570cf22,us USA,FW,FC Cincinnati,22,1998,9.5,2,0,0,23,16,12,9,6,11,0,0,0,35,24,30,44.4,Matches
698,Víctor Vázquez\6c564d36,es ESP,MFFW,LA Galaxy,34,1987,18.1,1,0,0,20,23,2,38,9,18,0,0,0,117,13,13,50.0,Matches
699,Carlos Vela\e0cd04e0,mx MEX,FW,Los Angeles FC,31,1989,14.1,0,0,0,9,41,6,24,7,9,0,0,0,72,3,15,16.7,Matches
700,Matías Vera\fe529f25,ar ARG,MF,Houston Dynamo,25,1995,27.2,9,0,0,54,39,2,6,36,35,0,0,0,224,19,33,36.5,Matches
701,Kenneth Vermeer\22a94b80,nl NED,GK,FC Cincinnati,35,1986,18.7,1,0,0,1,3,0,0,0,0,0,1,0,73,0,0,,Matches
702,Ranko Veselinović\366609b6,rs SRB,DF,Vancouver,21,1999,22.2,3,0,0,25,8,2,5,34,18,0,0,2,118,38,24,61.3,Matches
703,Jorge Villafaña\32337fb2,us USA,DF,LA Galaxy,31,1989,18.8,4,0,0,18,21,1,33,31,21,0,1,0,104,13,19,40.6,Matches
704,Alex Villanueva\c168f022,us USA,DFFW,Seattle,18,2002,0.1,0,0,0,2,1,0,0,0,0,0,0,0,2,0,1,0.0,Matches
705,Sam Vines\2d6e535f,us USA,DF,Colorado Rapids,21,1999,8.0,1,0,0,5,5,0,18,6,8,0,0,0,48,7,6,53.8,Matches
706,Kai Wagner\fdc715d9,de GER,DF,Philadelphia,23,1997,31.5,9,1,1,32,54,2,117,74,48,0,0,0,304,41,29,58.6,Matches
707,Anton Walkes\8a062bba,eng ENG,DF,Atlanta Utd,23,1997,30.8,6,0,0,28,8,2,5,71,25,0,1,0,215,60,45,57.1,Matches
708,Rémi Walter\0984c5d5,fr FRA,MF,Sporting KC,25,1995,21.0,2,1,0,21,27,0,8,39,25,0,0,0,234,26,21,55.3,Matches
709,Victor Wanyama\e0900238,ke KEN,MF,CF Montréal,29,1991,26.2,8,1,0,50,50,1,5,35,31,0,0,0,235,31,30,50.8,Matches
710,Collen Warner\75babbce,us USA,MF,Colorado Rapids,32,1988,9.7,7,0,0,28,10,0,2,12,9,0,0,0,77,9,9,50.0,Matches
711,Taylor Washington\480d3bcc,us USA,DF,Nashville,27,1993,11.5,0,0,0,8,5,1,37,25,11,0,1,0,49,12,6,66.7,Matches
712,Joel Waterman\47ddcc22,ca CAN,DF,CF Montréal,25,1996,20.6,5,0,0,23,16,0,5,44,22,0,1,0,168,18,12,60.0,Matches
713,Patrick Weah\ae2ee5a5,lr LBR,FW,Minnesota Utd,17,2003,0.2,0,0,0,1,1,1,0,0,0,0,0,0,2,1,2,33.3,Matches
714,Quentin Westberg\5480ae05,us USA,GK,Toronto FC,34,1986,10.0,0,0,0,1,1,1,0,0,0,0,1,0,53,0,0,,Matches
715,Brian White\54c948de,us USA,MFFW,NY Red Bulls,24,1996,2.2,0,0,0,1,1,4,1,3,2,0,0,0,12,5,8,38.5,Matches
716,Brian White\54c948de,us USA,FW,Vancouver,24,1996,21.3,2,0,0,32,13,22,9,5,6,0,0,0,61,72,99,42.1,Matches
717,Augustine Williams\8bb1c744,sl SLE,FW,LA Galaxy,23,1997,1.0,0,0,0,1,0,1,3,1,0,0,0,0,4,6,1,85.7,Matches
718,Derrick Williams\c0a28fbd,ie IRL,DF,LA Galaxy,28,1993,18.5,2,1,0,12,8,1,4,36,19,0,1,0,129,39,16,70.9,Matches
719,Josh Williams\06098bfc,us USA,DF,Columbus Crew,32,1988,15.2,3,0,0,14,8,0,0,28,7,0,0,0,109,28,19,59.6,Matches
720,Eryk Williamson\e0364352,us USA,MF,Portland Timbers,23,1997,10.5,1,0,0,14,24,0,6,34,15,0,0,0,60,8,9,47.1,Matches
721,Joe Willis\467f09c8,us USA,GK,Nashville,32,1988,34.0,1,0,0,1,3,0,0,0,1,0,1,0,163,0,0,,Matches
722,Danny Wilson\9cfe9254,sct SCO,DF,Colorado Rapids,29,1991,27.2,8,1,0,43,10,2,0,51,31,0,0,0,152,64,30,68.1,Matches
723,Owen Wolff\9edc70d6,us USA,MFFW,Austin FC,16,2004,0.1,0,0,0,0,0,0,0,1,1,0,0,0,1,0,0,,Matches
724,Tyler Wolff\0985c282,us USA,MFFW,Atlanta Utd,17,2003,2.5,3,0,0,7,1,0,2,4,2,0,0,0,15,2,1,66.7,Matches
725,Chris Wondolowski\37f46eda,us USA,FWMF,San Jose,38,1983,14.0,2,1,0,6,18,5,3,6,4,0,0,0,50,20,31,39.2,Matches
726,Bobby Wood\9853983f,us USA,FWMF,Real Salt Lake,28,1992,6.9,0,0,0,12,11,1,5,1,0,0,0,0,24,22,31,41.5,Matches
727,Vito Wormgoor\31d7acd1,nl NED,DF,Columbus Crew,32,1988,14.3,3,0,0,15,10,0,0,24,8,0,0,0,95,33,21,61.1,Matches
728,Bradley Wright-Phillips\9bb42ab8,eng ENG,FW,Columbus Crew,35,1985,7.3,0,0,0,12,12,8,1,1,7,0,0,0,18,16,53,23.2,Matches
729,William Yarbrough\ec646e88,us USA,GK,Colorado Rapids,31,1989,33.0,1,0,0,0,2,0,0,1,0,0,0,1,173,0,0,,Matches
730,Dru Yearwood\2eb09121,eng ENG,MF,NY Red Bulls,20,2000,18.8,9,1,1,45,30,2,15,30,47,0,0,0,196,14,26,35.0,Matches
731,Griffin Yow\ddd5cf39,us USA,DFFW,D.C. United,18,2002,2.7,0,0,0,9,1,0,9,4,5,0,0,0,26,2,3,40.0,Matches
732,Jackson Yueill\7dce16bf,us USA,MF,San Jose,23,1997,28.4,1,0,0,24,25,0,12,38,33,0,0,1,216,8,19,29.6,Matches
733,Renzo Zambrano\526bf96c,ve VEN,MF,Portland Timbers,26,1994,6.6,2,0,0,11,12,0,3,11,11,0,0,0,60,2,8,20.0,Matches
734,Gyasi Zardes\09ae7f92,us USA,FW,Columbus Crew,29,1991,17.3,0,0,0,12,34,10,6,5,5,1,0,0,58,59,68,46.5,Matches
735,Eriq Zavaleta\edbfbb3f,sv SLV,DF,Toronto FC,28,1992,11.3,3,1,1,13,1,0,0,21,13,0,1,1,81,28,19,59.6,Matches
736,Gedion Zelalem\b15ac68f,us USA,MF,NYCFC,24,1997,1.1,0,1,0,1,3,0,0,3,2,0,0,0,9,1,0,100.0,Matches
737,Lucas Zelarayán\3ce30893,am ARM,MF,Columbus Crew,28,1992,29.1,1,0,0,36,69,1,100,23,20,1,0,0,178,6,38,13.6,Matches
738,Walker Zimmerman\220fa883,us USA,DF,Nashville,27,1993,22.7,2,0,0,23,6,1,3,50,15,0,0,0,179,112,34,76.7,Matches
739,Rida Zouhir\e1e65f24,ca CAN,MF,CF Montréal,17,2003,0.2,0,0,0,2,0,0,0,1,0,0,0,0,1,0,0,,Matches
740,Ethan Zubak\9f39b6cf,us USA,FWMF,LA Galaxy,22,1998,7.5,0,0,0,10,10,7,7,11,1,0,0,0,39,12,16,42.9,Matches
741,Dario Župarić\c6f99e42,ba BIH,DF,Portland Timbers,28,1992,30.0,8,0,0,27,18,1,0,49,22,0,0,0,198,56,34,62.2,Matches
742,Graham Zusi\9ba42447,us USA,DF,Sporting KC,34,1986,23.6,7,0,0,27,21,1,73,57,27,0,0,0,199,30,19,61.2,Matches
743,Guðmundur Þórarinsson\ded30989,is ISL,DF,NYCFC,28,1992,18.3,4,0,0,14,3,0,72,32,23,0,0,0,148,17,12,58.6,Matches